Time(EDT,Latitude,Longitude,Course,kts,mph,feet,Rate,Reporting Facility
Mon 11:48:49 AM,25.0818,121.2501,↗ 49°,169,194,125, Level, FlightAware ADS-B (KHH / RCKH)
Mon 11:49:06 AM,25.0905,121.2607,↗ 47°,168,193,550,"1,591 Climbing", FlightAware ADS-B (TSA / RCSS)
Mon 11:49:22 AM,25.0989,121.271,↗ 49°,165,190,"1,000","1,594 Climbing", FlightAware ADS-B (TPE / RCTP)
Mon 11:49:38 AM,25.1065,121.2807,↗ 50°,165,190,"1,400","1,594 Climbing", FlightAware ADS-B (TPE / RCTP)
Mon 11:49:54 AM,25.1151,121.2923,↗ 51°,169,194,"1,850","1,591 Climbing", FlightAware ADS-B (TPE / RCTP)
Mon 11:50:11 AM,25.1245,121.3021,↗ 32°,173,199,"2,275","1,591 Climbing", FlightAware ADS-B (KHH / RCKH)
Mon 11:50:27 AM,25.1366,121.3056,↑ 358°,178,205,"2,725","1,594 Climbing", FlightAware ADS-B (TSA / RCSS)
Mon 11:50:43 AM,25.1501,121.3023,↖ 337°,192,221,"3,125","1,136 Climbing", FlightAware ADS-B (KHH / RCKH)
Mon 11:51:00 AM,25.1625,121.2906,← 302°,223,257,"3,350",864 Climbing, FlightAware ADS-B (KHH / RCKH)
Mon 11:51:16 AM,25.1667,121.2723,← 267°,244,281,"3,600","1,071 Climbing", FlightAware ADS-B (KHH / RCKH)
Mon 11:51:35 AM,25.1605,121.2497,↙ 243°,263,303,"3,975","1,071 Climbing", FlightAware ADS-B (TPE / RCTP)
Mon 11:51:51 AM,25.1496,121.2298,↙ 238°,282,325,"4,225","1,875 Climbing", FlightAware ADS-B (TPE / RCTP)
Mon 11:52:11 AM,25.1366,121.2063,↙ 239°,281,323,"5,100","2,333 Climbing", FlightAware ADS-B (TSA / RCSS)
Mon 11:52:27 AM,25.1256,121.1863,↙ 239°,290,334,"5,625","1,337 Climbing", FlightAware ADS-B (TSA / RCSS)
Mon 11:52:57 AM,25.1033,121.1465,↙ 238°,324,373,"6,125","1,150 Climbing", FlightAware ADS-B (TSA / RCSS)
Mon 11:53:27 AM,25.077,121.1021,↙ 237°,347,399,"6,775","1,625 Climbing", FlightAware ADS-B (TSA / RCSS)
Mon 11:53:57 AM,25.0503,121.0558,↙ 238°,357,411,"7,750","2,000 Climbing", FlightAware ADS-B (TPE / RCTP)
Mon 11:54:27 AM,25.0242,121.0102,↙ 238°,364,419,"8,775","2,000 Climbing", FlightAware ADS-B (TSA / RCSS)
Mon 11:54:57 AM,24.9968,120.9633,↙ 237°,371,427,"9,750","2,139 Climbing", FlightAware ADS-B (TPE / RCTP)
Mon 11:55:28 AM,24.9673,120.9137,↙ 237°,372,428,"10,950","2,238 Climbing", FlightAware ADS-B (RMQ / RCMQ)
Mon 11:55:58 AM,24.939,120.8662,↙ 237°,374,430,"12,025","2,146 Climbing", FlightAware ADS-B (TSA / RCSS)
Mon 11:56:33 AM,24.9066,120.8099,↙ 238°,375,432,"13,275","1,985 Climbing", FlightAware ADS-B (RMQ / RCMQ)
Mon 11:57:03 AM,24.8787,120.7617,↙ 238°,380,437,"14,175","1,550 Climbing", FlightAware ADS-B (TPE / RCTP)
Mon 11:57:33 AM,24.8497,120.7114,↙ 238°,390,449,"14,825","1,375 Climbing", FlightAware ADS-B (TPE / RCTP)
Mon 11:58:03 AM,24.8206,120.6612,↙ 237°,398,458,"15,550","1,675 Climbing", FlightAware ADS-B (CYI / RCKU)
Mon 11:58:33 AM,24.7906,120.6097,↙ 238°,395,455,"16,500","1,875 Climbing", FlightAware ADS-B (CYI / RCKU)
Mon 11:59:03 AM,24.7604,120.5587,↙ 236°,394,453,"17,425","1,663 Climbing", FlightAware ADS-B (TPE / RCTP)
Mon 11:59:19 AM,24.7424,120.5297,↙ 234°,400,460,"17,775","1,208 Climbing", FlightAware ADS-B (CYI / RCKU)
Mon 11:59:39 AM,24.7199,120.5026,↙ 221°,408,470,"18,150","1,221 Climbing", FlightAware ADS-B (RMQ / RCMQ)
Mon 12:00:02 PM,24.6854,120.4739,↙ 220°,411,473,"18,650","1,258 Climbing", FlightAware ADS-B (TSA / RCSS)
Mon 12:00:41 PM,24.63,120.4145,↙ 226°,415,478,"19,450","1,152 Climbing", FlightAware ADS-B (TPE / RCTP)
Mon 12:01:11 PM,24.591,120.3695,↙ 227°,419,482,"19,975","1,250 Climbing", FlightAware ADS-B (CYI / RCKU)
Mon 12:01:41 PM,24.5523,120.3252,↙ 226°,419,482,"20,700","1,328 Climbing", FlightAware ADS-B (HUN / RCYU)
Mon 12:02:12 PM,24.5079,120.2745,↙ 226°,422,486,"21,325","1,057 Climbing", FlightAware ADS-B (TPE / RCTP)
Mon 12:02:42 PM,24.4685,120.2297,↙ 226°,429,494,"21,775","1,050 Climbing", FlightAware ADS-B (TPE / RCTP)
Mon 12:03:12 PM,24.4252,120.1807,↙ 226°,429,494,"22,375","1,033 Climbing", FlightAware ADS-B (TPE / RCTP)
Mon 12:03:43 PM,24.3846,120.1346,↙ 226°,434,499,"22,825","1,156 Climbing", FlightAware ADS-B (TPE / RCTP)
Mon 12:04:13 PM,24.3408,120.0849,↙ 226°,432,497,"23,550","1,175 Climbing", FlightAware ADS-B (TPE / RCTP)
Mon 12:04:43 PM,24.2992,120.0379,↙ 226°,437,503,"24,000",850 Climbing, FlightAware ADS-B (TPE / RCTP)
Mon 12:05:13 PM,24.2568,119.9899,↙ 226°,443,510,"24,400",925 Climbing, FlightAware ADS-B (TPE / RCTP)
Mon 12:05:43 PM,24.2137,119.9413,↙ 226°,445,512,"24,925","1,100 Climbing", FlightAware ADS-B (TPE / RCTP)
Mon 12:06:13 PM,24.1706,119.8926,↙ 226°,445,512,"25,500","1,125 Climbing", FlightAware ADS-B (TPE / RCTP)
Mon 12:06:43 PM,24.1273,119.8439,↙ 226°,447,514,"26,050","1,050 Climbing", FlightAware ADS-B (TPE / RCTP)
Mon 12:07:13 PM,24.0856,119.797,↙ 226°,448,516,"26,550",984 Climbing, FlightAware ADS-B (TSA / RCSS)
Mon 12:07:44 PM,24.0397,119.7453,↙ 226°,451,519,"27,050",984 Climbing, FlightAware ADS-B (TPE / RCTP)
Mon 12:08:14 PM,23.996,119.6963,↙ 226°,451,519,"27,550",900 Climbing, FlightAware ADS-B (TPE / RCTP)
Mon 12:08:44 PM,23.9532,119.6482,↙ 226°,454,522,"27,950",925 Climbing, FlightAware ADS-B (TPE / RCTP)
Mon 12:09:14 PM,23.9102,119.6001,↙ 226°,454,522,"28,475",950 Climbing, FlightAware ADS-B (CYI / RCKU)
Mon 12:09:44 PM,23.8648,119.5491,↙ 226°,458,527,"28,900",775 Climbing, FlightAware ADS-B (TPE / RCTP)
Mon 12:10:14 PM,23.8191,119.4981,↙ 226°,463,533,"29,250",675 Climbing, FlightAware ADS-B (TPE / RCTP)
Mon 12:10:44 PM,23.7749,119.4488,↙ 225°,469,540,"29,575",670 Climbing, FlightAware ADS-B (TPE / RCTP)
Mon 12:11:01 PM,23.7473,119.4224,↙ 217°,475,547,"29,775",796 Climbing, FlightAware ADS-B (TNN / RCNN)
Mon 12:11:33 PM,23.6889,119.3789,↙ 215°,480,552,"30,225","1,089 Climbing", FlightAware ADS-B (TPE / RCTP)
Mon 12:12:03 PM,23.6322,119.3356,↙ 215°,476,548,"30,900","1,475 Climbing", FlightAware ADS-B (TPE / RCTP)
Mon 12:12:34 PM,23.5766,119.2929,↙ 215°,469,540,"31,725","1,107 Climbing", FlightAware ADS-B (TPE / RCTP)
Mon 12:13:04 PM,23.5256,119.2543,↙ 215°,468,539,"32,025",275 Climbing, FlightAware ADS-B (TPE / RCTP)
Mon 12:13:34 PM,23.4716,119.2133,↙ 215°,461,531,"32,000",-25 Descending, FlightAware ADS-B (KHH / RCKH)
Mon 12:14:04 PM,23.4193,119.1736,↙ 215°,455,524,"32,000", Level, FlightAware ADS-B (KHH / RCKH)
Mon 12:14:34 PM,23.3673,119.1342,↙ 215°,454,522,"32,000", Level, FlightAware ADS-B (KHH / RCKH)
Mon 12:15:05 PM,23.3151,119.0947,↙ 215°,454,522,"32,000", Level, FlightAware ADS-B (KHH / RCKH)
Mon 12:15:35 PM,23.2623,119.0547,↙ 215°,454,522,"32,000", Level, FlightAware ADS-B (KHH / RCKH)
Mon 12:16:05 PM,23.2117,119.0165,↙ 215°,453,521,"32,000",25 Climbing, FlightAware ADS-B (KHH / RCKH)
Mon 12:16:35 PM,23.1596,118.9772,↙ 215°,455,524,"32,025", Level, FlightAware ADS-B (KHH / RCKH)
Mon 12:17:06 PM,23.1046,118.9356,↙ 215°,467,537,"32,000",-24 Descending, FlightAware ADS-B (KHH / RCKH)
Mon 12:17:37 PM,23.0493,118.8939,↙ 215°,473,544,"32,000", Level, FlightAware ADS-B (KHH / RCKH)
Mon 12:18:08 PM,22.9938,118.8522,↙ 215°,477,549,"32,000", Level, FlightAware ADS-B (KHH / RCKH)
Mon 12:18:38 PM,22.9396,118.8114,↙ 215°,480,552,"32,000", Level, FlightAware ADS-B (KHH / RCKH)
Mon 12:19:09 PM,22.883,118.7689,↙ 215°,469,540,"32,000",24 Climbing, FlightAware ADS-B (CYI / RCKU)
Mon 12:19:40 PM,22.829,118.7285,↙ 215°,460,529,"32,025", Level, FlightAware ADS-B (KHH / RCKH)
Mon 12:20:10 PM,22.7756,118.6885,↙ 215°,459,528,"32,000",-25 Descending, FlightAware ADS-B (KHH / RCKH)
Mon 12:20:40 PM,22.7238,118.6496,↙ 215°,457,526,"32,000", Level, FlightAware ADS-B (HCN / RCKW)
Mon 12:21:11 PM,22.6691,118.6086,↙ 215°,455,524,"32,000", Level, FlightAware ADS-B (KHH / RCKH)
Mon 12:21:42 PM,22.6136,118.5673,↙ 215°,454,522,"32,000", Level, FlightAware ADS-B (TNN / RCNN)
Mon 12:22:12 PM,22.5645,118.5306,↙ 215°,454,522,"32,000", Level, FlightAware ADS-B (TNN / RCNN)
Mon 12:22:43 PM,22.51,118.4899,↙ 215°,455,524,"32,000", Level, FlightAware ADS-B (WOT / RCWA)
Mon 12:23:13 PM,22.458,118.4512,↙ 215°,456,525,"32,000", Level, FlightAware ADS-B (TNN / RCNN)
Mon 12:23:43 PM,22.4042,118.4111,↙ 215°,456,525,"32,000", Level, FlightAware ADS-B (WOT / RCWA)
Mon 12:24:13 PM,22.3526,118.3727,↙ 215°,456,525,"32,000", Level, FlightAware ADS-B (WOT / RCWA)
Mon 12:24:43 PM,22.3002,118.3337,↙ 215°,457,526,"32,000", Level, FlightAware ADS-B (TNN / RCNN)
Mon 12:25:13 PM,22.2462,118.2937,↙ 215°,459,528,"32,000", Level, FlightAware ADS-B (WOT / RCWA)
Mon 12:25:43 PM,22.1971,118.2572,↙ 215°,459,528,"32,000", Level, FlightAware ADS-B (TNN / RCNN)
Mon 12:26:13 PM,22.1422,118.2165,↙ 215°,460,529,"32,000", Level, FlightAware ADS-B (KHH / RCKH)
Mon 12:26:43 PM,22.0913,118.1789,↙ 215°,460,529,"32,000", Level, FlightAware ADS-B (TNN / RCNN)
Mon 12:27:13 PM,22.0384,118.1397,↙ 215°,460,529,"32,000", Level, FlightAware ADS-B (TNN / RCNN)
Mon 12:27:43 PM,21.9829,118.0987,↙ 215°,462,532,"32,000", Level, FlightAware ADS-B (TNN / RCNN)
Mon 12:28:13 PM,21.933,118.0618,↙ 215°,462,532,"32,000", Level, FlightAware ADS-B (TNN / RCNN)
Mon 12:28:43 PM,21.8804,118.023,↙ 215°,462,532,"32,000", Level, FlightAware ADS-B (TNN / RCNN)
Mon 12:29:14 PM,21.8233,117.9809,↙ 215°,462,532,"32,000", Level, FlightAware ADS-B (TNN / RCNN)
Mon 12:30:03 PM,21.7387,117.9186,↙ 215°,465,535,"32,000", Level, FlightAware ADS-B (CYI / RCKU)
Mon 12:30:44 PM,21.6664,117.8655,↙ 215°,465,535,"32,000", Level, FlightAware ADS-B (TNN / RCNN)
Mon 12:31:14 PM,21.6136,117.8267,↙ 214°,463,533,"32,000", Level, FlightAware ADS-B (TNN / RCNN)
Mon 12:31:44 PM,21.5593,117.7869,↙ 214°,463,533,"32,000", Level, FlightAware ADS-B (TNN / RCNN)
Mon 12:32:14 PM,21.5058,117.7476,↙ 214°,464,534,"32,000", Level, FlightAware ADS-B (TNN / RCNN)
Mon 12:32:44 PM,21.4529,117.7089,↙ 215°,465,535,"32,000", Level, FlightAware ADS-B (TNN / RCNN)
Mon 12:33:15 PM,21.3973,117.6677,↙ 217°,464,534,"32,000", Level, FlightAware ADS-B (TNN / RCNN)
Mon 12:33:57 PM,21.3301,117.6039,↙ 226°,463,533,"32,000", Level, FlightAware ADS-B (CYI / RCKU)
Mon 12:34:30 PM,21.2834,117.5455,↙ 231°,461,531,"32,000", Level, FlightAware ADS-B (WOT / RCWA)
Mon 12:35:03 PM,21.2457,117.4856,↙ 239°,461,531,"32,000", Level, FlightAware ADS-B (CYI / RCKU)
Mon 12:35:32 PM,21.2165,117.426,↙ 245°,460,529,"32,000", Level, FlightAware ADS-B (TNN / RCNN)
Mon 12:36:08 PM,21.1892,117.3496,← 253°,459,528,"32,000", Level, FlightAware ADS-B (TNN / RCNN)
Mon 12:36:41 PM,21.1726,117.2771,← 260°,460,529,"32,000", Level, FlightAware ADS-B (TNN / RCNN)
Mon 12:37:22 PM,21.1631,117.1812,← 269°,460,529,"32,000", Level, FlightAware ADS-B (HKG / VHHH)
Mon 12:37:57 PM,21.1624,117.103,← 269°,460,529,"32,000", Level, FlightAware ADS-B (TNN / RCNN)
Mon 12:38:38 PM,21.1608,117.0104,← 269°,460,529,"32,000", Level, FlightAware ADS-B (TNN / RCNN)
Mon 12:39:08 PM,21.1598,116.943,← 269°,461,531,"32,000", Level, FlightAware ADS-B (TNN / RCNN)
Mon 12:40:58 PM,21.2172,116.7407,← 287°,,,, Level, Estimated
Mon 12:41:27 PM,21.1551,116.6256,← 269°,460,529,"32,000", Level, FlightAware ADS-B (HKG / VHHH)
Mon 12:41:58 PM,21.154,116.5556,← 269°,459,528,"32,000", Level, FlightAware ADS-B (HKG / VHHH)
Mon 12:42:58 PM,21.1517,116.4189,← 269°,461,531,"32,000", Level, FlightAware ADS-B (HKG / VHHH)
Mon 12:43:28 PM,21.1505,116.3508,← 269°,461,531,"32,000", Level, FlightAware ADS-B (HKG / VHHH)
Mon 12:43:58 PM,21.1494,116.2827,← 269°,461,531,"32,000", Level, FlightAware ADS-B (HKG / VHHH)
Mon 12:44:28 PM,21.1481,116.2138,← 269°,461,531,"32,000", Level, FlightAware ADS-B (HKG / VHHH)
Mon 12:44:58 PM,21.1469,116.1452,← 269°,460,529,"32,000", Level, FlightAware ADS-B (HKG / VHHH)
Mon 12:45:28 PM,21.1456,116.0761,← 269°,460,529,"32,000", Level, FlightAware ADS-B (HKG / VHHH)
Mon 12:45:58 PM,21.1442,116.0078,← 269°,460,529,"32,000", Level, FlightAware ADS-B (HKG / VHHH)
Mon 12:46:30 PM,21.1428,115.9361,← 269°,460,529,"32,000", Level, FlightAware ADS-B (HKG / VHHH)
Mon 12:47:00 PM,21.1415,115.868,← 269°,460,529,"32,000",162 Climbing, FlightAware ADS-B (HKG / VHHH)
Mon 12:47:35 PM,21.1398,115.7881,← 269°,460,529,"32,175",715 Climbing, FlightAware ADS-B (HKG / VHHH)
Mon 12:48:05 PM,21.1384,115.719,← 269°,459,528,"32,775","1,150 Climbing", FlightAware ADS-B (HKG / VHHH)
Mon 12:48:35 PM,21.137,115.6538,← 269°,458,527,"33,325","1,175 Climbing", FlightAware ADS-B (HKG / VHHH)
Mon 12:49:05 PM,21.1355,115.5845,← 269°,456,525,"33,950","1,205 Climbing", FlightAware ADS-B (HKG / VHHH)
Mon 12:49:36 PM,21.134,115.5146,← 269°,454,522,"34,550","1,093 Climbing", FlightAware ADS-B (HKG / VHHH)
Mon 12:50:15 PM,21.1319,115.4254,← 269°,453,521,"35,225",978 Climbing, FlightAware ADS-B (HKG / VHHH)
Mon 12:50:45 PM,21.1304,115.3582,← 269°,453,521,"35,675",738 Climbing, FlightAware ADS-B (HKG / VHHH)
Mon 12:51:16 PM,21.1287,115.2895,← 269°,451,519,"35,975",279 Climbing, FlightAware ADS-B (HKG / VHHH)
Mon 12:51:55 PM,21.1267,115.2034,← 269°,447,514,"36,000",21 Climbing, FlightAware ADS-B (HKG / VHHH)
Mon 12:52:27 PM,21.125,115.133,← 269°,447,514,"36,000", Level, FlightAware ADS-B (HKG / VHHH)
Mon 12:52:57 PM,21.1233,115.0664,← 269°,447,514,"36,000", Level, FlightAware ADS-B (HKG / VHHH)
Mon 12:53:27 PM,21.1216,114.9999,← 269°,447,514,"36,000", Level, FlightAware ADS-B (HKG / VHHH)
Mon 12:53:58 PM,21.1199,114.9331,← 269°,447,514,"36,000", Level, FlightAware ADS-B (HKG / VHHH)
Mon 12:54:28 PM,21.1181,114.8657,← 269°,448,516,"36,000", Level, FlightAware ADS-B (HKG / VHHH)
Mon 12:54:58 PM,21.1164,114.7988,← 269°,449,517,"36,000", Level, FlightAware ADS-B (HKG / VHHH)
Mon 12:55:28 PM,21.1146,114.7323,← 268°,450,518,"36,000", Level, FlightAware ADS-B (HKG / VHHH)
Mon 12:55:58 PM,21.1128,114.6654,← 268°,450,518,"36,000", Level, FlightAware ADS-B (HKG / VHHH)
Mon 12:56:29 PM,21.1109,114.5971,← 268°,451,519,"36,000", Level, FlightAware ADS-B (HKG / VHHH)
Mon 12:56:59 PM,21.109,114.53,← 268°,451,519,"36,000", Level, FlightAware ADS-B (HKG / VHHH)
Mon 12:57:29 PM,21.1072,114.4631,← 268°,452,520,"36,000", Level, FlightAware ADS-B (HKG / VHHH)
Mon 12:57:59 PM,21.1053,114.3967,← 268°,452,520,"36,000", Level, FlightAware ADS-B (HKG / VHHH)
Mon 12:58:29 PM,21.1033,114.3289,← 268°,451,519,"36,000", Level, FlightAware ADS-B (HKG / VHHH)
Mon 12:58:59 PM,21.1013,114.2612,← 268°,450,518,"36,000", Level, FlightAware ADS-B (HKG / VHHH)
Mon 12:59:29 PM,21.0993,114.1938,← 268°,450,518,"36,000", Level, FlightAware ADS-B (HKG / VHHH)
Mon 01:00:04 PM,21.0969,114.1167,← 268°,451,519,"36,000", Level, FlightAware ADS-B (HKG / VHHH)
Mon 01:00:34 PM,21.0948,114.0496,← 268°,452,520,"36,000", Level, FlightAware ADS-B (VHSK)
Mon 01:01:06 PM,21.0926,113.9792,← 268°,452,520,"36,000",103 Climbing, FlightAware ADS-B (HKG / VHHH)
Mon 01:01:32 PM,21.0905,113.9185,← 266°,452,520,"36,100",103 Climbing, FlightAware ADS-B (HKG / VHHH)
Mon 01:02:04 PM,21.0832,113.8459,← 263°,453,521,"36,100", Level, FlightAware ADS-B (HKG / VHHH)
Mon 01:02:44 PM,21.0739,113.7618,← 264°,452,520,"36,100", Level, FlightAware ADS-B (HKG / VHHH)
Mon 01:03:14 PM,21.0674,113.6942,← 264°,451,519,"36,100", Level, FlightAware ADS-B (HKG / VHHH)
Mon 01:03:44 PM,21.0611,113.6274,← 264°,450,518,"36,100", Level, FlightAware ADS-B (HKG / VHHH)
Mon 01:04:14 PM,21.0546,113.5603,← 264°,451,519,"36,100", Level, FlightAware ADS-B (HKG / VHHH)
Mon 01:04:44 PM,21.0482,113.4933,← 264°,451,519,"36,100", Level, FlightAware ADS-B (HKG / VHHH)
Mon 01:05:14 PM,21.042,113.4293,← 264°,452,520,"36,100", Level, FlightAware ADS-B (VHSK)
Mon 01:05:45 PM,21.0352,113.3594,← 264°,452,520,"36,100", Level, FlightAware ADS-B (HKG / VHHH)
Mon 01:06:15 PM,21.0285,113.2917,← 264°,453,521,"36,100", Level, FlightAware ADS-B (HKG / VHHH)
Mon 01:06:48 PM,21.0212,113.2165,← 264°,453,521,"36,100", Level, FlightAware ADS-B (HKG / VHHH)
Mon 01:07:18 PM,21.0145,113.1488,← 264°,455,524,"36,100", Level, FlightAware ADS-B (HKG / VHHH)
Mon 01:07:49 PM,21.0078,113.0813,← 264°,455,524,"36,100", Level, FlightAware ADS-B (HKG / VHHH)
Mon 01:08:19 PM,21.0011,113.0143,← 264°,456,525,"36,100", Level, FlightAware ADS-B (HKG / VHHH)
Mon 01:08:50 PM,20.9943,112.9464,← 264°,456,525,"36,100", Level, FlightAware ADS-B (HKG / VHHH)
Mon 01:09:20 PM,20.9877,112.8795,← 264°,456,525,"36,100", Level, FlightAware ADS-B (HKG / VHHH)
Mon 01:09:50 PM,20.9809,112.8116,← 264°,456,525,"36,100", Level, FlightAware ADS-B (HKG / VHHH)
Mon 01:10:20 PM,20.974,112.7441,← 264°,456,525,"36,100", Level, FlightAware ADS-B (HKG / VHHH)
Mon 01:10:53 PM,20.9666,112.671,← 264°,457,526,"36,100", Level, FlightAware ADS-B (HKG / VHHH)
Mon 01:11:51 PM,20.9533,112.5407,← 264°,456,525,"36,100", Level, FlightAware ADS-B (HKG / VHHH)
Mon 01:12:21 PM,20.9464,112.4737,← 264°,455,524,"36,100", Level, FlightAware ADS-B (HKG / VHHH)
Mon 01:13:11 PM,20.9349,112.3622,← 264°,456,525,"36,100", Level, FlightAware ADS-B (HKG / VHHH)
Mon 01:13:51 PM,20.9256,112.2724,← 264°,457,526,"36,100", Level, FlightAware ADS-B (HKG / VHHH)
Mon 01:14:22 PM,20.9183,112.2034,← 264°,457,526,"36,100", Level, FlightAware ADS-B (HKG / VHHH)
Mon 01:14:52 PM,20.9112,112.1354,← 264°,457,526,"36,100", Level, FlightAware ADS-B (HKG / VHHH)
Mon 01:15:22 PM,20.9041,112.0679,← 264°,458,527,"36,100", Level, FlightAware ADS-B (HKG / VHHH)
Mon 01:15:52 PM,20.8969,111.9999,← 264°,457,526,"36,100", Level, FlightAware ADS-B (HKG / VHHH)
Mon 01:16:46 PM,20.8843,111.8801,← 264°,455,524,"36,100", Level, FlightAware ADS-B (HKG / VHHH)
Mon 01:17:18 PM,20.8767,111.8094,← 264°,453,521,"36,100", Level, FlightAware ADS-B (HKG / VHHH)
Mon 01:18:23 PM,20.8612,111.6645,← 263°,454,522,"36,100", Level, FlightAware ADS-B (HKG / VHHH)
Mon 01:18:54 PM,20.854,111.5975,← 264°,453,521,"36,100", Level, FlightAware ADS-B (HKG / VHHH)
Mon 01:19:29 PM,20.8524,111.5184,← 273°,454,522,"36,100", Level, FlightAware ADS-B (HKG / VHHH)
Mon 01:19:59 PM,20.8592,111.4497,← 279°,454,522,"36,100", Level, FlightAware ADS-B (HKG / VHHH)
Mon 01:20:17 PM,20.8668,111.4129,← 287°,456,525,"36,100", Level, FlightAware ADS-B (HKG / VHHH)
Mon 01:21:07 PM,20.9127,111.3086,← 295°,459,528,"36,100", Level, FlightAware ADS-B (HKG / VHHH)
Mon 01:22:04 PM,20.9642,111.1894,← 295°,460,529,"36,100", Level, FlightAware ADS-B (HKG / VHHH)
Mon 01:22:47 PM,20.9959,111.0966,← 290°,465,535,"36,100", Level, FlightAware ADS-B (HKG / VHHH)
Mon 01:24:56 PM,21.0599,110.8585,← 286°,,,, Level, Estimated
Mon 01:26:55 PM,21.1186,110.6387,← 286°,,,, Level, Estimated
Mon 01:27:55 PM,21.1481,110.5279,← 286°,,,, Level, Estimated
Mon 01:29:39 PM,21.2526,110.2121,← 298°,462,532,"36,100", Level, FlightAware ADS-B (HPH / VVCI)
Mon 01:30:11 PM,21.2838,110.1494,← 298°,463,533,"36,100", Level, FlightAware ADS-B (HPH / VVCI)
Mon 01:30:41 PM,21.3149,110.0874,← 298°,462,532,"36,100", Level, FlightAware ADS-B (HPH / VVCI)
Mon 01:31:11 PM,21.3456,110.0262,← 298°,461,531,"36,100", Level, FlightAware ADS-B (HPH / VVCI)
Mon 01:31:41 PM,21.3759,109.966,← 298°,462,532,"36,100", Level, FlightAware ADS-B (HPH / VVCI)
Mon 01:32:14 PM,21.409,109.9,← 298°,463,533,"36,100", Level, FlightAware ADS-B (HPH / VVCI)
Mon 01:33:07 PM,21.4619,109.7942,← 298°,464,534,"36,100", Level, FlightAware ADS-B (HPH / VVCI)
Mon 01:34:57 PM,21.5146,109.59,← 286°,,,, Level, Estimated
Mon 01:36:50 PM,21.7126,109.3546,← 310°,468,539,"36,100", Level, FlightAware ADS-B (HPH / VVCI)
Mon 01:37:20 PM,21.7547,109.3002,← 310°,467,537,"36,100", Level, FlightAware ADS-B (HPH / VVCI)
Mon 01:37:50 PM,21.7966,109.2464,← 310°,466,536,"36,100", Level, FlightAware ADS-B (HPH / VVCI)
Mon 01:38:20 PM,21.8385,109.1927,← 310°,468,539,"36,100", Level, FlightAware ADS-B (HPH / VVCI)
Mon 01:38:51 PM,21.8809,109.1385,← 310°,468,539,"36,100", Level, FlightAware ADS-B (HPH / VVCI)
Mon 01:39:21 PM,21.9225,109.0851,← 310°,468,539,"36,100", Level, FlightAware ADS-B (HPH / VVCI)
Mon 01:39:51 PM,21.9636,109.0328,← 310°,466,536,"36,100",217 Climbing, FlightAware ADS-B (HPH / VVCI)
Mon 01:40:30 PM,22.0187,108.9625,← 310°,466,536,"36,350",543 Climbing, FlightAware ADS-B (HPH / VVCI)
Mon 01:41:00 PM,22.0598,108.9098,← 310°,467,537,"36,725",750 Climbing, FlightAware ADS-B (HPH / VVCI)
Mon 01:41:30 PM,22.1023,108.8553,← 310°,467,537,"37,100",700 Climbing, FlightAware ADS-B (HPH / VVCI)
Mon 01:42:00 PM,22.143,108.803,← 310°,468,539,"37,425",775 Climbing, FlightAware ADS-B (HPH / VVCI)
Mon 01:42:30 PM,22.1854,108.7486,← 310°,464,534,"37,875",675 Climbing, FlightAware ADS-B (HPH / VVCI)
Mon 01:43:00 PM,22.2274,108.6946,← 310°,464,534,"38,100",225 Climbing, FlightAware ADS-B (HPH / VVCI)
Mon 01:43:30 PM,22.2687,108.6416,← 310°,465,535,"38,100", Level, FlightAware ADS-B (HPH / VVCI)
Mon 01:44:00 PM,22.31,108.5884,← 310°,464,534,"38,100", Level, FlightAware ADS-B (HPH / VVCI)
Mon 01:44:31 PM,22.3513,108.5353,← 310°,462,532,"38,100", Level, FlightAware ADS-B (HPH / VVCI)
Mon 01:45:01 PM,22.3929,108.4815,← 310°,461,531,"38,100", Level, FlightAware ADS-B (HPH / VVCI)
Mon 01:45:37 PM,22.4418,108.4184,← 310°,459,528,"38,100", Level, FlightAware ADS-B (HPH / VVCI)
Mon 01:46:30 PM,22.514,108.3249,← 310°,458,527,"38,100", Level, FlightAware ADS-B (HPH / VVCI)
Mon 01:47:00 PM,22.5546,108.2724,← 310°,459,528,"38,100", Level, FlightAware ADS-B (HPH / VVCI)
Mon 01:47:30 PM,22.5952,108.2197,← 310°,459,528,"38,100", Level, FlightAware ADS-B (HPH / VVCI)
Mon 01:48:00 PM,22.6375,108.1667,← 313°,461,531,"38,100", Level, FlightAware ADS-B (HPH / VVCI)
Mon 01:48:40 PM,22.6963,108.1007,← 314°,461,531,"38,100", Level, FlightAware ADS-B (HPH / VVCI)
Mon 01:49:12 PM,22.7448,108.0454,← 313°,461,531,"38,100", Level, FlightAware ADS-B (HPH / VVCI)
Mon 01:49:50 PM,22.8004,107.982,← 314°,462,532,"38,100", Level, FlightAware ADS-B (HPH / VVCI)
Mon 01:50:20 PM,22.8446,107.9317,← 313°,463,533,"38,100", Level, FlightAware ADS-B (HPH / VVCI)
Mon 01:50:51 PM,22.8898,107.8802,← 313°,464,534,"38,100", Level, FlightAware ADS-B (HPH / VVCI)
Mon 01:51:42 PM,22.9661,107.793,← 313°,466,536,"38,100", Level, FlightAware ADS-B (HPH / VVCI)
Mon 01:52:21 PM,23.0238,107.7271,← 313°,467,537,"38,100", Level, FlightAware ADS-B (HPH / VVCI)
Mon 01:52:51 PM,23.0683,107.6761,← 313°,466,536,"38,100", Level, FlightAware ADS-B (HPH / VVCI)
Mon 01:53:21 PM,23.1129,107.6249,← 313°,466,536,"38,100", Level, FlightAware ADS-B (HPH / VVCI)
Mon 01:54:08 PM,23.1814,107.5461,← 313°,464,534,"38,100", Level, FlightAware ADS-B (HPH / VVCI)
Mon 01:55:59 PM,23.2283,107.3357,← 284°,,,, Level, Estimated
Mon 01:56:23 PM,23.3801,107.3169,← 313°,461,531,"38,100", Level, FlightAware ADS-B (HPH / VVCI)
Mon 01:58:17 PM,23.5459,107.1247,← 313°,456,525,"38,100", Level, FlightAware ADS-B (HPH / VVCI)
Mon 01:58:47 PM,23.5887,107.0749,← 313°,454,522,"38,100", Level, FlightAware ADS-B (HPH / VVCI)
Mon 01:59:43 PM,23.6689,106.9818,← 313°,451,519,"38,100", Level, FlightAware ADS-B (HPH / VVCI)
Mon 02:00:38 PM,23.7479,106.8897,← 313°,450,518,"38,100", Level, FlightAware ADS-B (HPH / VVCI)
Mon 02:01:13 PM,23.7972,106.8321,← 313°,450,518,"38,100", Level, FlightAware ADS-B (HPH / VVCI)
Mon 02:01:46 PM,23.8432,106.7783,← 313°,449,517,"38,100",-81 Descending, FlightAware ADS-B (HPH / VVCI)
Mon 02:03:49 PM,23.8921,106.5441,← 283°,,,, Level, Estimated
Mon 02:04:55 PM,23.9183,106.4184,← 283°,,,, Level, Estimated
Mon 02:05:58 PM,23.9431,106.2983,← 283°,,,, Level, Estimated
Mon 02:06:59 PM,23.9671,106.182,← 283°,,,, Level, Estimated
Mon 02:08:42 PM,24.0073,105.9856,← 283°,,,, Level, Estimated
Mon 02:09:46 PM,24.0322,105.8634,← 283°,,,, Level, Estimated
Mon 02:11:51 PM,24.0805,105.6247,← 283°,,,, Level, Estimated
Mon 02:12:59 PM,24.1067,105.4948,← 282°,,,, Level, Estimated
Mon 02:14:57 PM,24.1518,105.2692,← 282°,,,, Level, Estimated
Mon 02:17:00 PM,24.1984,105.0339,← 282°,,,, Level, Estimated
Mon 02:19:00 PM,24.2436,104.8042,← 282°,,,, Level, Estimated
Mon 02:20:57 PM,24.2873,104.5801,← 282°,,,, Level, Estimated
Mon 02:21:59 PM,24.3103,104.4612,← 282°,,,, Level, Estimated
Mon 02:24:00 PM,24.355,104.2292,← 282°,,,, Level, Estimated
Mon 02:25:55 PM,24.3971,104.0085,← 282°,,,, Level, Estimated
Mon 02:26:02 PM,24.6147,103.7047,← 282°,348,400,"36,100", Level, FlightAware ADS-B (KMG / ZPPP)
Mon 02:26:53 PM,24.6608,103.6022,← 296°,448,516,"36,100", Level, FlightAware ADS-B (KMG / ZPPP)
Mon 02:27:24 PM,24.6894,103.5374,← 296°,447,514,"36,100", Level, FlightAware ADS-B (KMG / ZPPP)
Mon 02:27:54 PM,24.717,103.4754,← 296°,447,514,"36,100", Level, FlightAware ADS-B (KMG / ZPPP)
Mon 02:28:25 PM,24.7445,103.4136,← 296°,448,516,"36,100", Level, FlightAware ADS-B (KMG / ZPPP)
Mon 02:28:55 PM,24.7717,103.3524,← 296°,450,518,"36,100", Level, FlightAware ADS-B (KMG / ZPPP)
Mon 02:29:25 PM,24.7994,103.2899,← 296°,450,518,"36,100", Level, FlightAware ADS-B (KMG / ZPPP)
Mon 02:29:55 PM,24.8268,103.2278,← 296°,450,518,"36,100", Level, FlightAware ADS-B (KMG / ZPPP)
Mon 02:30:26 PM,24.8547,103.1647,← 296°,449,517,"36,100", Level, FlightAware ADS-B (KMG / ZPPP)
Mon 02:30:56 PM,24.8818,103.1032,← 296°,448,516,"36,100", Level, FlightAware ADS-B (KMG / ZPPP)
Mon 02:31:27 PM,24.9094,103.0405,← 296°,448,516,"36,100", Level, FlightAware ADS-B (KMG / ZPPP)
Mon 02:31:57 PM,24.9367,102.9785,← 296°,450,518,"36,100", Level, FlightAware ADS-B (KMG / ZPPP)
Mon 02:32:29 PM,24.9667,102.9103,← 296°,452,520,"36,100", Level, FlightAware ADS-B (KMG / ZPPP)
Mon 02:33:00 PM,24.9943,102.8473,← 296°,452,520,"36,100", Level, FlightAware ADS-B (KMG / ZPPP)
Mon 02:33:30 PM,25.022,102.784,← 295°,450,518,"36,100", Level, FlightAware ADS-B (KMG / ZPPP)
Mon 02:34:03 PM,25.0463,102.7164,← 288°,442,509,"36,100", Level, FlightAware ADS-B (KMG / ZPPP)
Mon 02:34:40 PM,25.0642,102.6354,← 280°,437,503,"36,100", Level, FlightAware ADS-B (KMG / ZPPP)
Mon 02:35:13 PM,25.0717,102.5617,← 273°,434,499,"36,100", Level, FlightAware ADS-B (KMG / ZPPP)
Mon 02:35:43 PM,25.0716,102.4982,← 267°,433,498,"36,100", Level, FlightAware ADS-B (KMG / ZPPP)
Mon 02:36:15 PM,25.0643,102.427,← 260°,433,498,"36,100", Level, FlightAware ADS-B (KMG / ZPPP)
Mon 02:36:50 PM,25.0478,102.3514,← 253°,433,498,"36,100", Level, FlightAware ADS-B (KMG / ZPPP)
Mon 02:37:20 PM,25.0274,102.2905,← 247°,431,496,"36,100", Level, FlightAware ADS-B (KMG / ZPPP)
Mon 02:37:57 PM,24.9939,102.2175,↙ 242°,431,496,"36,100", Level, FlightAware ADS-B (KMG / ZPPP)
Mon 02:38:27 PM,24.9656,102.158,↙ 243°,430,495,"36,100", Level, FlightAware ADS-B (KMG / ZPPP)
Mon 02:38:58 PM,24.9377,102.0991,↙ 242°,430,495,"36,100", Level, FlightAware ADS-B (KMG / ZPPP)
Mon 02:39:28 PM,24.9103,102.0418,↙ 242°,429,494,"36,100", Level, FlightAware ADS-B (KMG / ZPPP)
Mon 02:39:58 PM,24.8823,101.9835,↙ 242°,429,494,"36,100", Level, FlightAware ADS-B (KMG / ZPPP)
Mon 02:40:29 PM,24.8539,101.9242,↙ 242°,432,497,"36,100", Level, FlightAware ADS-B (KMG / ZPPP)
Mon 02:40:59 PM,24.8253,101.8648,↙ 242°,432,497,"36,100", Level, FlightAware ADS-B (KMG / ZPPP)
Mon 02:41:30 PM,24.7971,101.8063,↙ 242°,433,498,"36,100", Level, FlightAware ADS-B (KMG / ZPPP)
Mon 02:42:29 PM,24.7409,101.6898,↙ 242°,432,497,"36,100", Level, FlightAware ADS-B (KMG / ZPPP)
Mon 02:43:00 PM,24.712,101.6299,↙ 242°,432,497,"36,100", Level, FlightAware ADS-B (KMG / ZPPP)
Mon 02:43:31 PM,24.6837,101.5715,↙ 242°,431,496,"36,100", Level, FlightAware ADS-B (KMG / ZPPP)
Mon 02:44:01 PM,24.655,101.5124,↙ 242°,432,497,"36,100", Level, FlightAware ADS-B (KMG / ZPPP)
Mon 02:44:31 PM,24.6262,101.4538,↙ 242°,431,496,"36,100", Level, FlightAware ADS-B (KMG / ZPPP)
Mon 02:45:30 PM,24.5702,101.3407,↙ 242°,431,496,"36,100", Level, FlightAware ADS-B (KMG / ZPPP)
Mon 02:46:00 PM,24.542,101.2837,↙ 242°,431,496,"36,100", Level, FlightAware ADS-B (KMG / ZPPP)
Mon 02:46:32 PM,24.5114,101.2218,↙ 242°,430,495,"36,100", Level, FlightAware ADS-B (KMG / ZPPP)
Mon 02:47:03 PM,24.4819,101.1623,↙ 242°,431,496,"36,100", Level, FlightAware ADS-B (KMG / ZPPP)
Mon 02:47:58 PM,24.429,101.0558,↙ 242°,432,497,"36,100",-2 Descending, FlightAware ADS-B (KMG / ZPPP)
Mon 02:49:56 PM,24.4694,100.8286,← 281°,,,, Level, Estimated
Mon 02:50:57 PM,24.4902,100.7111,← 281°,,,, Level, Estimated
Mon 02:52:54 PM,24.5298,100.4856,← 281°,,,, Level, Estimated
Mon 02:53:58 PM,24.5514,100.3621,← 281°,,,, Level, Estimated
Mon 02:55:58 PM,24.5915,100.1307,← 281°,,,, Level, Estimated
Mon 02:57:47 PM,24.6276,99.9202,← 281°,,,, Level, Estimated
Mon 02:58:53 PM,24.6493,99.7928,← 281°,,,, Level, Estimated
Mon 02:59:53 PM,24.6689,99.6769,← 281°,,,, Level, Estimated
Mon 03:00:57 PM,24.6898,99.5532,← 281°,,,, Level, Estimated
Mon 03:01:58 PM,24.7096,99.4353,← 280°,,,, Level, Estimated
Mon 03:03:54 PM,24.747,99.2109,← 280°,,,, Level, Estimated
Mon 03:05:49 PM,24.7837,98.9884,← 280°,,,, Level, Estimated
Mon 03:06:58 PM,24.8056,98.8548,← 280°,,,, Level, Estimated
Mon 03:08:42 PM,24.8384,98.6533,← 280°,,,, Level, Estimated
Mon 03:09:50 PM,24.8597,98.5216,← 280°,,,, Level, Estimated
Mon 03:10:54 PM,24.8796,98.3975,← 280°,,,, Level, Estimated
Mon 03:11:59 PM,24.8997,98.2715,← 280°,,,, Level, Estimated
Mon 03:13:49 PM,24.9335,98.0581,← 280°,,,, Level, Estimated
Mon 03:14:56 PM,24.954,97.928,← 280°,,,, Level, Estimated
Mon 03:15:56 PM,24.9722,97.8116,← 280°,,,, Level, Estimated
Mon 03:17:53 PM,25.0074,97.5843,← 280°,,,, Level, Estimated
Mon 03:18:57 PM,25.0266,97.46,← 280°,,,, Level, Estimated
Mon 03:19:58 PM,25.0447,97.3414,← 280°,,,, Level, Estimated
Mon 03:21:57 PM,25.0799,97.11,← 280°,,,, Level, Estimated
Mon 03:23:59 PM,25.1155,96.8726,← 279°,,,, Level, Estimated
Mon 03:25:51 PM,25.1479,96.6546,← 279°,,,, Level, Estimated
Mon 03:26:51 PM,25.1651,96.5377,← 279°,,,, Level, Estimated
Mon 03:27:57 PM,25.1839,96.4091,← 279°,,,, Level, Estimated
Mon 03:28:59 PM,25.2015,96.2883,← 279°,,,, Level, Estimated
Mon 03:30:54 PM,25.2339,96.0641,← 279°,,,, Level, Estimated
Mon 03:31:55 PM,25.2509,95.9452,← 279°,,,, Level, Estimated
Mon 03:33:59 PM,25.2853,95.7032,← 279°,,,, Level, Estimated
Mon 03:35:53 PM,25.3165,95.4807,← 279°,,,, Level, Estimated
Mon 03:36:57 PM,23.4331,94.7867,← 271°,450,518,"36,000", Level, FlightAware ADS-B (DAC / VGHS)
Mon 03:37:30 PM,23.4344,94.7125,← 271°,444,511,"36,000", Level, FlightAware ADS-B (DAC / VGHS)
Mon 03:38:00 PM,23.4354,94.648,← 271°,443,510,"36,000", Level, FlightAware ADS-B (DAC / VGHS)
Mon 03:38:30 PM,23.4366,94.5801,← 271°,444,511,"36,000", Level, FlightAware ADS-B (DAC / VGHS)
Mon 03:39:08 PM,23.438,94.4949,← 271°,445,512,"36,000", Level, FlightAware ADS-B (DAC / VGHS)
Mon 03:40:55 PM,23.4415,94.2562,← 271°,444,511,"36,000", Level, FlightAware ADS-B (DAC / VGHS)
Mon 03:41:50 PM,23.4432,94.1344,← 271°,441,507,"36,000", Level, FlightAware ADS-B (DAC / VGHS)
Mon 03:42:26 PM,23.4442,94.0536,← 271°,440,506,"36,000", Level, FlightAware ADS-B (DAC / VGHS)
Mon 03:42:56 PM,23.4451,93.9887,← 271°,440,506,"36,000", Level, FlightAware ADS-B (DAC / VGHS)
Mon 03:43:26 PM,23.4459,93.9201,← 271°,441,507,"36,000", Level, FlightAware ADS-B (DAC / VGHS)
Mon 03:44:01 PM,23.4468,93.8453,← 271°,440,506,"36,000", Level, FlightAware ADS-B (DAC / VGHS)
Mon 03:44:31 PM,23.4476,93.7773,← 271°,439,505,"36,000", Level, FlightAware ADS-B (DAC / VGHS)
Mon 03:45:01 PM,23.4483,93.7116,← 271°,437,503,"36,000", Level, FlightAware ADS-B (DAC / VGHS)
Mon 03:45:31 PM,23.449,93.645,← 271°,439,505,"36,000", Level, FlightAware ADS-B (DAC / VGHS)
Mon 03:46:01 PM,23.4497,93.5782,← 271°,440,506,"36,000", Level, FlightAware ADS-B (DAC / VGHS)
Mon 03:46:31 PM,23.4503,93.5117,← 271°,441,507,"36,000", Level, FlightAware ADS-B (DAC / VGHS)
Mon 03:47:04 PM,23.4556,93.4411,← 279°,444,511,"36,000", Level, FlightAware ADS-B (DAC / VGHS)
Mon 03:47:59 PM,23.4784,93.3192,← 281°,443,510,"36,000", Level, FlightAware ADS-B (DAC / VGHS)
Mon 03:48:30 PM,23.491,93.2516,← 281°,441,507,"36,000", Level, FlightAware ADS-B (DAC / VGHS)
Mon 03:49:00 PM,23.5032,93.1864,← 282°,441,507,"36,000", Level, FlightAware ADS-B (DAC / VGHS)
Mon 03:49:30 PM,23.5155,93.1209,← 282°,437,503,"36,000", Level, FlightAware ADS-B (DAC / VGHS)
Mon 03:50:00 PM,23.5275,93.0568,← 281°,434,499,"36,000", Level, FlightAware ADS-B (DAC / VGHS)
Mon 03:50:30 PM,23.5396,92.9925,← 282°,433,498,"36,000", Level, FlightAware ADS-B (DAC / VGHS)
Mon 03:51:00 PM,23.5513,92.9294,← 281°,435,501,"36,000", Level, FlightAware ADS-B (DAC / VGHS)
Mon 03:51:30 PM,23.5637,92.8631,← 281°,436,502,"36,000", Level, FlightAware ADS-B (DAC / VGHS)
Mon 03:52:01 PM,23.5758,92.798,← 281°,439,505,"36,000", Level, FlightAware ADS-B (DAC / VGHS)
Mon 03:52:32 PM,23.5882,92.7312,← 281°,438,504,"36,000", Level, FlightAware ADS-B (DAC / VGHS)
Mon 03:53:02 PM,23.6002,92.6661,← 281°,438,504,"36,000", Level, FlightAware ADS-B (DAC / VGHS)
Mon 03:53:32 PM,23.6124,92.6003,← 282°,438,504,"36,000", Level, FlightAware ADS-B (DAC / VGHS)
Mon 03:54:02 PM,23.6257,92.5363,← 283°,438,504,"36,000", Level, FlightAware ADS-B (DAC / VGHS)
Mon 03:54:32 PM,23.6396,92.4718,← 283°,438,504,"36,000", Level, FlightAware ADS-B (DAC / VGHS)
Mon 03:55:02 PM,23.6532,92.4069,← 283°,439,505,"36,000", Level, FlightAware ADS-B (DAC / VGHS)
Mon 03:55:33 PM,23.6667,92.3415,← 283°,441,507,"36,000", Level, FlightAware ADS-B (DAC / VGHS)
Mon 03:56:03 PM,23.6803,92.2757,← 283°,442,509,"36,000", Level, FlightAware ADS-B (DAC / VGHS)
Mon 03:56:33 PM,23.6938,92.2104,← 283°,443,510,"36,000", Level, FlightAware ADS-B (DAC / VGHS)
Mon 03:57:04 PM,23.7075,92.1437,← 283°,444,511,"36,000", Level, FlightAware ADS-B (DAC / VGHS)
Mon 03:57:34 PM,23.7208,92.0788,← 283°,444,511,"36,000", Level, FlightAware ADS-B (DAC / VGHS)
Mon 03:58:04 PM,23.7345,92.0118,← 283°,444,511,"36,000", Level, FlightAware ADS-B (DAC / VGHS)
Mon 03:58:34 PM,23.7477,91.9471,← 283°,443,510,"36,000", Level, FlightAware ADS-B (DAC / VGHS)
Mon 03:59:04 PM,23.761,91.8821,← 283°,444,511,"36,000", Level, FlightAware ADS-B (DAC / VGHS)
Mon 03:59:34 PM,23.7746,91.8153,← 283°,445,512,"36,000", Level, FlightAware ADS-B (DAC / VGHS)
Mon 04:00:05 PM,23.7881,91.7487,← 282°,446,513,"36,000", Level, FlightAware ADS-B (DAC / VGHS)
Mon 04:00:35 PM,23.8013,91.6833,← 282°,445,512,"36,000", Level, FlightAware ADS-B (DAC / VGHS)
Mon 04:01:09 PM,23.8168,91.6065,← 282°,443,510,"36,000", Level, FlightAware ADS-B (IXA / VEAT)
Mon 04:01:39 PM,23.8301,91.5403,← 282°,442,509,"36,000", Level, FlightAware ADS-B (IXA / VEAT)
Mon 04:02:09 PM,23.8434,91.4744,← 282°,441,507,"36,000", Level, FlightAware ADS-B (IXA / VEAT)
Mon 04:02:39 PM,23.8562,91.4104,← 282°,441,507,"36,000", Level, FlightAware ADS-B (IXA / VEAT)
Mon 04:03:09 PM,23.8693,91.3444,← 282°,441,507,"36,000", Level, FlightAware ADS-B (IXA / VEAT)
Mon 04:03:39 PM,23.8823,91.2794,← 282°,441,507,"36,000", Level, FlightAware ADS-B (IXA / VEAT)
Mon 04:04:09 PM,23.8953,91.2141,← 282°,441,507,"36,000", Level, FlightAware ADS-B (IXA / VEAT)
Mon 04:04:39 PM,23.9098,91.1478,← 284°,441,507,"36,000", Level, FlightAware ADS-B (IXA / VEAT)
Mon 04:05:09 PM,23.9242,91.0841,← 284°,440,506,"36,000", Level, FlightAware ADS-B (IXA / VEAT)
Mon 04:05:39 PM,23.9382,91.0201,← 283°,439,505,"36,000", Level, FlightAware ADS-B (IXA / VEAT)
Mon 04:06:09 PM,23.9524,90.9551,← 283°,440,506,"36,000", Level, FlightAware ADS-B (IXA / VEAT)
Mon 04:06:39 PM,23.9666,90.8894,← 283°,442,509,"36,000", Level, FlightAware ADS-B (IXA / VEAT)
Mon 04:07:10 PM,23.9809,90.8234,← 283°,443,510,"36,000", Level, FlightAware ADS-B (IXA / VEAT)
Mon 04:07:40 PM,23.9953,90.7571,← 283°,443,510,"36,000", Level, FlightAware ADS-B (IXA / VEAT)
Mon 04:08:10 PM,24.0091,90.6931,← 283°,443,510,"36,000", Level, FlightAware ADS-B (IXA / VEAT)
Mon 04:08:40 PM,24.0233,90.6269,← 283°,442,509,"36,000", Level, FlightAware ADS-B (IXA / VEAT)
Mon 04:09:10 PM,24.0373,90.5615,← 283°,442,509,"36,000", Level, FlightAware ADS-B (IXA / VEAT)
Mon 04:09:40 PM,24.051,90.4975,← 283°,442,509,"36,000", Level, FlightAware ADS-B (IXA / VEAT)
Mon 04:10:10 PM,24.0649,90.433,← 283°,441,507,"36,000", Level, FlightAware ADS-B (IXA / VEAT)
Mon 04:10:40 PM,24.0788,90.3676,← 283°,441,507,"36,000", Level, FlightAware ADS-B (IXA / VEAT)
Mon 04:11:20 PM,24.0969,90.2819,← 283°,442,509,"36,000", Level, FlightAware ADS-B (RDP / VEDG)
Mon 04:11:50 PM,24.1107,90.2166,← 283°,442,509,"36,000", Level, FlightAware ADS-B (RDP / VEDG)
Mon 04:12:20 PM,24.1248,90.1496,← 283°,443,510,"36,000", Level, FlightAware ADS-B (CCU / VECC)
Mon 04:12:50 PM,24.1384,90.0847,← 283°,444,511,"36,000", Level, FlightAware ADS-B (RDP / VEDG)
Mon 04:13:20 PM,24.1522,90.0189,← 283°,443,510,"36,000", Level, FlightAware ADS-B (RDP / VEDG)
Mon 04:13:52 PM,24.1667,89.9495,← 283°,442,509,"36,000", Level, FlightAware ADS-B (CCU / VECC)
Mon 04:14:26 PM,24.1823,89.8747,← 283°,443,510,"36,000", Level, FlightAware ADS-B (CCU / VECC)
Mon 04:14:56 PM,24.1961,89.8085,← 283°,443,510,"36,000", Level, FlightAware ADS-B (CCU / VECC)
Mon 04:15:26 PM,24.2097,89.7429,← 283°,443,510,"36,000", Level, FlightAware ADS-B (CCU / VECC)
Mon 04:15:56 PM,24.2233,89.6774,← 283°,443,510,"36,000", Level, FlightAware ADS-B (CCU / VECC)
Mon 04:16:26 PM,24.2371,89.6107,← 283°,443,510,"36,000", Level, FlightAware ADS-B (CCU / VECC)
Mon 04:16:56 PM,24.2506,89.5453,← 283°,443,510,"36,000", Level, FlightAware ADS-B (CCU / VECC)
Mon 04:17:26 PM,24.2641,89.4797,← 283°,444,511,"36,000", Level, FlightAware ADS-B (CCU / VECC)
Mon 04:17:57 PM,24.2778,89.4129,← 283°,445,512,"36,000", Level, FlightAware ADS-B (CCU / VECC)
Mon 04:18:27 PM,24.2911,89.3476,← 283°,445,512,"36,000", Level, FlightAware ADS-B (CCU / VECC)
Mon 04:18:57 PM,24.3048,89.2809,← 283°,445,512,"36,000", Level, FlightAware ADS-B (CCU / VECC)
Mon 04:19:27 PM,24.3181,89.2153,← 283°,444,511,"36,000", Level, FlightAware ADS-B (CCU / VECC)
Mon 04:19:57 PM,24.3316,89.1489,← 283°,444,511,"36,000", Level, FlightAware ADS-B (CCU / VECC)
Mon 04:20:27 PM,24.3451,89.0827,← 283°,444,511,"36,000", Level, FlightAware ADS-B (CCU / VECC)
Mon 04:20:57 PM,24.3584,89.0171,← 283°,445,512,"36,000", Level, FlightAware ADS-B (CCU / VECC)
Mon 04:21:27 PM,24.3711,88.9539,← 283°,445,512,"36,000", Level, FlightAware ADS-B (IXB / VEBD)
Mon 04:21:58 PM,24.385,88.8848,← 282°,444,511,"36,000", Level, FlightAware ADS-B (CCU / VECC)
Mon 04:22:28 PM,24.3982,88.8195,← 282°,444,511,"36,000", Level, FlightAware ADS-B (DBD / VEDB)
Mon 04:22:58 PM,24.4118,88.7517,← 282°,443,510,"36,000", Level, FlightAware ADS-B (CCU / VECC)
Mon 04:23:28 PM,24.425,88.6855,← 282°,444,511,"36,000", Level, FlightAware ADS-B (CCU / VECC)
Mon 04:23:59 PM,24.4402,88.6215,← 288°,447,514,"36,000", Level, FlightAware ADS-B (IRD / VGIS)
Mon 04:24:32 PM,24.4659,88.5511,← 295°,451,519,"36,000", Level, FlightAware ADS-B (JSR / VGJR)
Mon 04:25:02 PM,24.4924,88.4893,← 295°,450,518,"36,000", Level, FlightAware ADS-B (JSR / VGJR)
Mon 04:25:32 PM,24.5186,88.4264,← 295°,449,517,"36,000", Level, FlightAware ADS-B (JSR / VGJR)
Mon 04:26:02 PM,24.5447,88.3638,← 295°,449,517,"36,000", Level, FlightAware ADS-B (JSR / VGJR)
Mon 04:26:33 PM,24.5704,88.3024,← 295°,450,518,"36,000", Level, FlightAware ADS-B (JSR / VGJR)
Mon 04:27:03 PM,24.597,88.2389,← 295°,451,519,"36,000", Level, FlightAware ADS-B (JSR / VGJR)
Mon 04:27:33 PM,24.623,88.1766,← 295°,451,519,"36,000", Level, FlightAware ADS-B (JSR / VGJR)
Mon 04:28:03 PM,24.6491,88.1142,← 295°,452,520,"36,000", Level, FlightAware ADS-B (JSR / VGJR)
Mon 04:28:33 PM,24.6743,88.0534,← 295°,453,521,"36,000", Level, FlightAware ADS-B (JSR / VGJR)
Mon 04:29:03 PM,24.7015,87.9882,← 294°,454,522,"36,000", Level, FlightAware ADS-B (JSR / VGJR)
Mon 04:29:33 PM,24.7274,87.925,← 294°,456,525,"36,000", Level, FlightAware ADS-B (JSR / VGJR)
Mon 04:30:03 PM,24.7536,87.8611,← 294°,456,525,"36,000", Level, FlightAware ADS-B (JSR / VGJR)
Mon 04:30:35 PM,24.7806,87.7953,← 294°,456,525,"36,000", Level, FlightAware ADS-B (DBD / VEDB)
Mon 04:31:05 PM,24.8078,87.7301,← 295°,456,525,"36,000", Level, FlightAware ADS-B (RDP / VEDG)
Mon 04:31:35 PM,24.8343,87.6686,← 295°,458,527,"36,000", Level, FlightAware ADS-B (DBD / VEDB)
Mon 04:32:05 PM,24.8617,87.6046,← 295°,458,527,"36,000", Level, FlightAware ADS-B (DBD / VEDB)
Mon 04:32:35 PM,24.8886,87.5412,← 295°,459,528,"36,000", Level, FlightAware ADS-B (IXB / VEBD)
Mon 04:33:06 PM,24.9164,87.4757,← 295°,458,527,"36,000", Level, FlightAware ADS-B (DAC / VGHS)
Mon 04:33:43 PM,24.9502,87.3956,← 295°,456,525,"36,000", Level, FlightAware ADS-B (CCU / VECC)
Mon 04:34:13 PM,24.977,87.3323,← 295°,456,525,"36,000", Level, FlightAware ADS-B (CCU / VECC)
Mon 04:34:43 PM,25.0033,87.2698,← 295°,456,525,"36,000", Level, FlightAware ADS-B (CCU / VECC)
Mon 04:35:13 PM,25.0303,87.2055,← 295°,455,524,"36,000", Level, FlightAware ADS-B (CCU / VECC)
Mon 04:35:43 PM,25.0568,87.1427,← 295°,455,524,"36,000", Level, FlightAware ADS-B (CCU / VECC)
Mon 04:36:14 PM,25.0836,87.0787,← 295°,456,525,"36,000", Level, FlightAware ADS-B (CCU / VECC)
Mon 04:36:44 PM,25.1101,87.0154,← 295°,456,525,"36,000", Level, FlightAware ADS-B (CCU / VECC)
Mon 04:37:28 PM,25.1477,86.9256,← 295°,452,520,"36,000", Level, FlightAware ADS-B (JSR / VGJR)
Mon 04:38:00 PM,25.1761,86.8577,← 295°,451,519,"36,000", Level, FlightAware ADS-B (JSR / VGJR)
Mon 04:38:30 PM,25.2018,86.7961,← 295°,450,518,"36,000", Level, FlightAware ADS-B (JSR / VGJR)
Mon 04:39:06 PM,25.2337,86.7192,← 295°,451,519,"36,000", Level, FlightAware ADS-B (DBD / VEDB)
Mon 04:39:36 PM,25.2598,86.6566,← 295°,452,520,"36,000", Level, FlightAware ADS-B (DBD / VEDB)
Mon 04:40:10 PM,25.2894,86.5853,← 295°,452,520,"36,000", Level, FlightAware ADS-B (PAT / VEPT)
Mon 04:40:40 PM,25.3152,86.5229,← 295°,452,520,"36,000", Level, FlightAware ADS-B (CCU / VECC)
Mon 04:41:17 PM,25.3453,86.4434,← 289°,448,516,"36,000", Level, FlightAware ADS-B (CCU / VECC)
Mon 04:41:52 PM,25.3635,86.3673,← 281°,444,511,"36,000", Level, FlightAware ADS-B (RDP / VEDG)
Mon 04:42:31 PM,25.3786,86.2813,← 281°,444,511,"36,000", Level, FlightAware ADS-B (RDP / VEDG)
Mon 04:43:02 PM,25.3921,86.2088,← 281°,444,511,"36,000", Level, FlightAware ADS-B (CCU / VECC)
Mon 04:43:58 PM,25.414,86.0879,← 281°,443,510,"36,000", Level, FlightAware ADS-B (PAT / VEPT)
Mon 04:44:33 PM,25.428,86.0098,← 281°,443,510,"36,000", Level, FlightAware ADS-B (CCU / VECC)
Mon 04:45:03 PM,25.4404,85.9413,← 281°,442,509,"36,000", Level, FlightAware ADS-B (CCU / VECC)
Mon 04:45:33 PM,25.452,85.8764,← 281°,443,510,"36,000", Level, FlightAware ADS-B (CCU / VECC)
Mon 04:46:03 PM,25.4643,85.8075,← 281°,444,511,"36,000", Level, FlightAware ADS-B (CCU / VECC)
Mon 04:46:33 PM,25.4759,85.7422,← 281°,443,510,"36,000", Level, FlightAware ADS-B (CCU / VECC)
Mon 04:47:03 PM,25.4877,85.6753,← 281°,442,509,"36,000", Level, FlightAware ADS-B (CCU / VECC)
Mon 04:47:33 PM,25.4998,85.6073,← 281°,442,509,"36,000", Level, FlightAware ADS-B (CCU / VECC)
Mon 04:48:04 PM,25.5116,85.5403,← 281°,444,511,"36,000", Level, FlightAware ADS-B (CCU / VECC)
Mon 04:48:39 PM,25.5252,85.4629,← 281°,444,511,"36,000", Level, FlightAware ADS-B (PAT / VEPT)
Mon 04:49:09 PM,25.5371,85.3956,← 281°,443,510,"36,000", Level, FlightAware ADS-B (PAT / VEPT)
Mon 04:49:39 PM,25.5484,85.3305,← 281°,443,510,"36,000", Level, FlightAware ADS-B (PAT / VEPT)
Mon 04:50:10 PM,25.5602,85.2625,← 281°,444,511,"36,000", Level, FlightAware ADS-B (PAT / VEPT)
Mon 04:50:41 PM,25.5727,85.191,← 281°,443,510,"36,000", Level, FlightAware ADS-B (DBR / VEDH)
Mon 04:51:16 PM,25.5861,85.1142,← 281°,442,509,"36,000", Level, FlightAware ADS-B (PAT / VEPT)
Mon 04:51:45 PM,25.6014,85.0507,← 288°,444,511,"36,000", Level, FlightAware ADS-B (PAT / VEPT)
Mon 04:52:17 PM,25.6224,84.982,← 288°,445,512,"36,000", Level, FlightAware ADS-B (PAT / VEPT)
Mon 04:52:47 PM,25.6414,84.9169,← 288°,447,514,"36,000", Level, FlightAware ADS-B (PAT / VEPT)
Mon 04:53:17 PM,25.6604,84.8518,← 288°,446,513,"36,000", Level, FlightAware ADS-B (PAT / VEPT)
Mon 04:53:47 PM,25.6798,84.7858,← 288°,445,512,"36,000", Level, FlightAware ADS-B (PAT / VEPT)
Mon 04:54:17 PM,25.6986,84.7219,← 288°,442,509,"36,000", Level, FlightAware ADS-B (PAT / VEPT)
Mon 04:54:47 PM,25.7176,84.6567,← 288°,442,509,"36,000", Level, FlightAware ADS-B (PAT / VEPT)
Mon 04:55:17 PM,25.7361,84.5932,← 288°,441,507,"36,000",138 Climbing, FlightAware ADS-B (PAT / VEPT)
Mon 04:55:52 PM,25.758,84.5182,← 288°,444,511,"36,150",531 Climbing, FlightAware ADS-B (DBR / VEDH)
Mon 04:56:22 PM,25.7774,84.4514,← 288°,448,516,"36,575","1,025 Climbing", FlightAware ADS-B (DBR / VEDH)
Mon 04:56:52 PM,25.7964,84.3863,← 288°,448,516,"37,175",984 Climbing, FlightAware ADS-B (DBR / VEDH)
Mon 04:57:23 PM,25.8155,84.3201,← 288°,449,517,"37,575",836 Climbing, FlightAware ADS-B (DBR / VEDH)
Mon 04:57:53 PM,25.8347,84.2538,← 288°,441,507,"38,025",425 Climbing, FlightAware ADS-B (DBR / VEDH)
Mon 04:58:23 PM,25.8535,84.1887,← 288°,443,510,"38,000",-25 Descending, FlightAware ADS-B (DBR / VEDH)
Mon 04:58:53 PM,25.8722,84.1236,← 288°,443,510,"38,000", Level, FlightAware ADS-B (DBR / VEDH)
Mon 04:59:24 PM,25.8912,84.0578,← 288°,443,510,"38,000", Level, FlightAware ADS-B (DBR / VEDH)
Mon 04:59:54 PM,25.9096,83.9934,← 288°,443,510,"38,000", Level, FlightAware ADS-B (DBR / VEDH)
Mon 05:00:24 PM,25.9286,83.9274,← 288°,443,510,"38,000", Level, FlightAware ADS-B (DBR / VEDH)
Mon 05:00:54 PM,25.9471,83.8625,← 288°,444,511,"38,000", Level, FlightAware ADS-B (DBR / VEDH)
Mon 05:01:24 PM,25.966,83.7965,← 288°,445,512,"38,000", Level, FlightAware ADS-B (DBR / VEDH)
Mon 05:01:54 PM,25.9844,83.7316,← 288°,446,513,"38,000", Level, FlightAware ADS-B (DBR / VEDH)
Mon 05:02:24 PM,26.0032,83.666,← 287°,444,511,"38,000", Level, FlightAware ADS-B (DBR / VEDH)
Mon 05:02:55 PM,26.0218,83.6003,← 288°,443,510,"38,000", Level, FlightAware ADS-B (DBR / VEDH)
Mon 05:03:25 PM,26.0407,83.5336,← 287°,443,510,"38,000", Level, FlightAware ADS-B (PAT / VEPT)
Mon 05:03:55 PM,26.0588,83.4693,← 287°,443,510,"38,000", Level, FlightAware ADS-B (DBR / VEDH)
Mon 05:04:25 PM,26.0775,83.4031,← 287°,443,510,"38,000", Level, FlightAware ADS-B (DBR / VEDH)
Mon 05:04:56 PM,26.0957,83.3386,← 287°,442,509,"38,000", Level, FlightAware ADS-B (PAT / VEPT)
Mon 05:05:26 PM,26.1143,83.2725,← 287°,442,509,"38,000", Level, FlightAware ADS-B (DBR / VEDH)
Mon 05:05:56 PM,26.1326,83.2073,← 287°,442,509,"38,000", Level, FlightAware ADS-B (DBR / VEDH)
Mon 05:06:26 PM,26.151,83.1415,← 287°,443,510,"38,000", Level, FlightAware ADS-B (DBR / VEDH)
Mon 05:06:56 PM,26.1688,83.0776,← 287°,443,510,"38,000", Level, FlightAware ADS-B (DBR / VEDH)
Mon 05:07:26 PM,26.1875,83.0108,← 287°,443,510,"38,000", Level, FlightAware ADS-B (DBR / VEDH)
Mon 05:07:56 PM,26.2052,82.947,← 287°,443,510,"38,000", Level, FlightAware ADS-B (DBR / VEDH)
Mon 05:08:27 PM,26.2235,82.8813,← 287°,443,510,"38,000", Level, FlightAware ADS-B (DBR / VEDH)
Mon 05:08:57 PM,26.2419,82.8149,← 287°,443,510,"38,000", Level, FlightAware ADS-B (DBR / VEDH)
Mon 05:10:48 PM,26.3092,82.5713,← 287°,445,512,"38,000", Level, FlightAware ADS-B (LKO / VILK)
Mon 05:11:39 PM,26.3395,82.4607,← 287°,446,513,"38,000", Level, FlightAware ADS-B (VIBL)
Mon 05:12:27 PM,26.3689,82.3531,← 287°,448,516,"38,000", Level, FlightAware ADS-B (LKO / VILK)
Mon 05:13:08 PM,26.3933,82.2638,← 287°,447,514,"38,000", Level, FlightAware ADS-B (LKO / VILK)
Mon 05:13:39 PM,26.4121,82.1949,← 287°,447,514,"38,000", Level, FlightAware ADS-B (LKO / VILK)
Mon 05:14:09 PM,26.4297,82.1301,← 287°,446,513,"38,000", Level, FlightAware ADS-B (LKO / VILK)
Mon 05:14:43 PM,26.45,82.0554,← 287°,446,513,"38,000", Level, FlightAware ADS-B (VIBL)
Mon 05:15:13 PM,26.4681,81.9884,← 287°,446,513,"38,000", Level, FlightAware ADS-B (VIBL)
Mon 05:15:43 PM,26.4855,81.9239,← 287°,446,513,"38,000", Level, FlightAware ADS-B (VIBL)
Mon 05:16:13 PM,26.5034,81.8572,← 287°,446,513,"38,000", Level, FlightAware ADS-B (VIBL)
Mon 05:16:43 PM,26.5216,81.7897,← 287°,447,514,"38,000", Level, FlightAware ADS-B (VIBL)
Mon 05:17:13 PM,26.539,81.7245,← 287°,447,514,"38,000", Level, FlightAware ADS-B (VIBL)
Mon 05:17:43 PM,26.5572,81.6567,← 287°,446,513,"38,000", Level, FlightAware ADS-B (VIBL)
Mon 05:18:14 PM,26.575,81.5902,← 287°,446,513,"38,000", Level, FlightAware ADS-B (VIBL)
Mon 05:18:44 PM,26.5924,81.525,← 287°,444,511,"38,000", Level, FlightAware ADS-B (VIBL)
Mon 05:19:14 PM,26.6102,81.4581,← 287°,444,511,"38,000", Level, FlightAware ADS-B (VIBL)
Mon 05:19:44 PM,26.6277,81.3921,← 286°,445,512,"38,000", Level, FlightAware ADS-B (VIBL)
Mon 05:20:14 PM,26.6452,81.3259,← 286°,447,514,"38,000", Level, FlightAware ADS-B (VIBL)
Mon 05:20:44 PM,26.6632,81.2579,← 286°,448,516,"38,000", Level, FlightAware ADS-B (VIBL)
Mon 05:21:14 PM,26.6807,81.1919,← 286°,448,516,"38,000", Level, FlightAware ADS-B (VIBL)
Mon 05:21:45 PM,26.6983,81.1249,← 286°,447,514,"38,000", Level, FlightAware ADS-B (VIBL)
Mon 05:22:15 PM,26.7158,81.0582,← 286°,446,513,"38,000", Level, FlightAware ADS-B (VIBL)
Mon 05:22:46 PM,26.7351,80.9879,← 290°,446,513,"38,000", Level, FlightAware ADS-B (VIDD)
Mon 05:23:18 PM,26.761,80.921,← 297°,448,516,"38,000", Level, FlightAware ADS-B (LKO / VILK)
Mon 05:24:02 PM,26.8075,80.8348,← 305°,453,521,"38,000", Level, FlightAware ADS-B (VIBL)
Mon 05:24:32 PM,26.8464,80.78,← 311°,456,525,"38,000", Level, FlightAware ADS-B (LKO / VILK)
Mon 05:25:02 PM,26.8874,80.7268,← 310°,457,526,"38,000", Level, FlightAware ADS-B (LKO / VILK)
Mon 05:25:32 PM,26.9296,80.6709,← 310°,459,528,"38,000", Level, FlightAware ADS-B (LKO / VILK)
Mon 05:26:02 PM,26.9712,80.6162,← 310°,460,529,"38,000", Level, FlightAware ADS-B (LKO / VILK)
Mon 05:26:32 PM,27.0114,80.5633,← 310°,460,529,"38,000", Level, FlightAware ADS-B (LKO / VILK)
Mon 05:26:56 PM,27.0445,80.5197,← 309°,459,528,"38,000", Level, FlightAware ADS-B (VIBL)
Mon 05:27:48 PM,27.0927,80.4086,← 293°,450,518,"38,000", Level, FlightAware ADS-B (LKO / VILK)
Mon 05:28:19 PM,27.1177,80.3456,← 294°,450,518,"38,000", Level, FlightAware ADS-B (LKO / VILK)
Mon 05:28:49 PM,27.143,80.2811,← 293°,448,516,"38,000", Level, FlightAware ADS-B (LKO / VILK)
Mon 05:29:19 PM,27.1685,80.2152,← 293°,450,518,"38,000", Level, FlightAware ADS-B (LKO / VILK)
Mon 05:29:49 PM,27.1928,80.152,← 293°,451,519,"38,000", Level, FlightAware ADS-B (LKO / VILK)
Mon 05:30:19 PM,27.2177,80.0874,← 293°,452,520,"38,000", Level, FlightAware ADS-B (LKO / VILK)
Mon 05:30:49 PM,27.242,80.0239,← 293°,451,519,"38,000", Level, FlightAware ADS-B (LKO / VILK)
Mon 05:31:19 PM,27.2666,79.9598,← 293°,448,516,"38,000", Level, FlightAware ADS-B (LKO / VILK)
Mon 05:31:49 PM,27.292,79.8937,← 293°,449,517,"38,000", Level, FlightAware ADS-B (LKO / VILK)
Mon 05:32:19 PM,27.3165,79.8294,← 293°,449,517,"38,000", Level, FlightAware ADS-B (LKO / VILK)
Mon 05:32:49 PM,27.3407,79.7661,← 293°,449,517,"38,000", Level, FlightAware ADS-B (LKO / VILK)
Mon 05:33:19 PM,27.3653,79.7015,← 293°,450,518,"38,000", Level, FlightAware ADS-B (LKO / VILK)
Mon 05:33:49 PM,27.3902,79.636,← 293°,450,518,"38,000", Level, FlightAware ADS-B (LKO / VILK)
Mon 05:34:19 PM,27.4145,79.5721,← 293°,451,519,"38,000", Level, FlightAware ADS-B (LKO / VILK)
Mon 05:34:51 PM,27.4416,79.5005,← 293°,452,520,"38,000", Level, FlightAware ADS-B (VIDX)
Mon 05:35:21 PM,27.4661,79.4358,← 293°,454,522,"38,000", Level, FlightAware ADS-B (VIDX)
Mon 05:36:05 PM,27.5012,79.3431,← 293°,454,522,"38,000", Level, FlightAware ADS-B (DEL / VIDP)
Mon 05:36:35 PM,27.5263,79.2766,← 293°,453,521,"38,000", Level, FlightAware ADS-B (DEL / VIDP)
Mon 05:37:06 PM,27.5512,79.2105,← 293°,454,522,"38,000", Level, FlightAware ADS-B (DEL / VIDP)
Mon 05:37:36 PM,27.5759,79.1448,← 293°,456,525,"38,000", Level, FlightAware ADS-B (DEL / VIDP)
Mon 05:38:06 PM,27.6003,79.0798,← 293°,458,527,"38,000", Level, FlightAware ADS-B (DEL / VIDP)
Mon 05:38:36 PM,27.6254,79.0131,← 293°,459,528,"38,000", Level, FlightAware ADS-B (DEL / VIDP)
Mon 05:39:06 PM,27.6502,78.9467,← 293°,458,527,"38,000", Level, FlightAware ADS-B (DEL / VIDP)
Mon 05:39:36 PM,27.6747,78.8808,← 293°,457,526,"38,000", Level, FlightAware ADS-B (DEL / VIDP)
Mon 05:40:06 PM,27.6994,78.8149,← 293°,457,526,"38,000", Level, FlightAware ADS-B (DEL / VIDP)
Mon 05:40:36 PM,27.7238,78.7493,← 293°,456,525,"38,000", Level, FlightAware ADS-B (DEL / VIDP)
Mon 05:41:07 PM,27.7483,78.6834,← 293°,457,526,"38,000", Level, FlightAware ADS-B (DEL / VIDP)
Mon 05:41:37 PM,27.7731,78.6165,← 293°,457,526,"38,000", Level, FlightAware ADS-B (DEL / VIDP)
Mon 05:42:07 PM,27.7975,78.5506,← 293°,458,527,"38,000", Level, FlightAware ADS-B (DEL / VIDP)
Mon 05:42:37 PM,27.8218,78.4849,← 293°,459,528,"38,000", Level, FlightAware ADS-B (DEL / VIDP)
Mon 05:43:07 PM,27.8466,78.4177,← 292°,459,528,"38,000", Level, FlightAware ADS-B (DEL / VIDP)
Mon 05:43:37 PM,27.8709,78.3514,← 293°,458,527,"38,000", Level, FlightAware ADS-B (DEL / VIDP)
Mon 05:44:07 PM,27.896,78.2834,← 293°,457,526,"38,000", Level, FlightAware ADS-B (DEL / VIDP)
Mon 05:44:37 PM,27.9202,78.2175,← 293°,458,527,"38,000", Level, FlightAware ADS-B (DEL / VIDP)
Mon 05:45:07 PM,27.9441,78.1523,← 292°,458,527,"38,000", Level, FlightAware ADS-B (DEL / VIDP)
Mon 05:45:37 PM,27.9687,78.085,← 292°,459,528,"38,000", Level, FlightAware ADS-B (DEL / VIDP)
Mon 05:46:08 PM,27.9931,78.0181,← 292°,459,528,"38,000", Level, FlightAware ADS-B (DEL / VIDP)
Mon 05:46:38 PM,28.0174,77.9515,← 292°,458,527,"38,000", Level, FlightAware ADS-B (DEL / VIDP)
Mon 05:47:08 PM,28.0415,77.8852,← 292°,458,527,"38,000", Level, FlightAware ADS-B (DEL / VIDP)
Mon 05:47:38 PM,28.0662,77.8174,← 292°,459,528,"38,000", Level, FlightAware ADS-B (DEL / VIDP)
Mon 05:48:08 PM,28.09,77.7516,← 292°,459,528,"38,000", Level, FlightAware ADS-B (DEL / VIDP)
Mon 05:48:38 PM,28.1139,77.6854,← 292°,460,529,"38,000", Level, FlightAware ADS-B (DEL / VIDP)
Mon 05:49:08 PM,28.1383,77.618,← 292°,460,529,"38,000", Level, FlightAware ADS-B (DEL / VIDP)
Mon 05:49:38 PM,28.1622,77.5516,← 292°,459,528,"38,000", Level, FlightAware ADS-B (DEL / VIDP)
Mon 05:50:08 PM,28.1863,77.4849,← 292°,459,528,"38,000", Level, FlightAware ADS-B (DEL / VIDP)
Mon 05:50:38 PM,28.2108,77.4164,← 292°,459,528,"38,000", Level, FlightAware ADS-B (DEL / VIDP)
Mon 05:51:08 PM,28.2351,77.3487,← 292°,459,528,"38,000", Level, FlightAware ADS-B (DEL / VIDP)
Mon 05:51:38 PM,28.2586,77.2831,← 292°,459,528,"38,000", Level, FlightAware ADS-B (DEL / VIDP)
Mon 05:52:09 PM,28.2828,77.2153,← 292°,457,526,"38,000", Level, FlightAware ADS-B (DEL / VIDP)
Mon 05:52:39 PM,28.3066,77.1484,← 292°,456,525,"38,000", Level, FlightAware ADS-B (DEL / VIDP)
Mon 05:53:09 PM,28.3297,77.0837,← 292°,454,522,"38,000", Level, FlightAware ADS-B (BUP / VIBT)
Mon 05:53:39 PM,28.3538,77.0161,← 292°,452,520,"38,000", Level, FlightAware ADS-B (BUP / VIBT)
Mon 05:54:09 PM,28.3769,76.9509,← 292°,451,519,"38,000", Level, FlightAware ADS-B (DEL / VIDP)
Mon 05:54:39 PM,28.3998,76.8862,← 292°,450,518,"38,000", Level, FlightAware ADS-B (DEL / VIDP)
Mon 05:55:09 PM,28.4235,76.819,← 292°,449,517,"38,000", Level, FlightAware ADS-B (DEL / VIDP)
Mon 05:55:39 PM,28.4472,76.7518,← 292°,450,518,"38,000", Level, FlightAware ADS-B (DEL / VIDP)
Mon 05:56:09 PM,28.4699,76.6875,← 292°,449,517,"38,000", Level, FlightAware ADS-B (DEL / VIDP)
Mon 05:56:39 PM,28.4928,76.6223,← 292°,448,516,"38,000", Level, FlightAware ADS-B (DEL / VIDP)
Mon 05:57:09 PM,28.516,76.5563,← 292°,448,516,"38,000", Level, FlightAware ADS-B (DEL / VIDP)
Mon 05:57:39 PM,28.5387,76.4913,← 292°,449,517,"38,000", Level, FlightAware ADS-B (DEL / VIDP)
Mon 05:58:09 PM,28.5616,76.4259,← 292°,449,517,"38,000", Level, FlightAware ADS-B (DEL / VIDP)
Mon 05:58:39 PM,28.5846,76.36,← 292°,450,518,"38,000", Level, FlightAware ADS-B (DEL / VIDP)
Mon 05:59:09 PM,28.6076,76.2939,← 292°,452,520,"38,000", Level, FlightAware ADS-B (DEL / VIDP)
Mon 05:59:39 PM,28.6307,76.2273,← 292°,453,521,"38,000", Level, FlightAware ADS-B (DEL / VIDP)
Mon 06:00:09 PM,28.6538,76.1608,← 292°,453,521,"38,000", Level, FlightAware ADS-B (DEL / VIDP)
Mon 06:00:39 PM,28.6768,76.0944,← 291°,453,521,"38,000", Level, FlightAware ADS-B (DEL / VIDP)
Mon 06:01:09 PM,28.7,76.0272,← 291°,454,522,"38,000", Level, FlightAware ADS-B (DEL / VIDP)
Mon 06:01:39 PM,28.7198,75.9603,← 285°,453,521,"38,000", Level, FlightAware ADS-B (DEL / VIDP)
Mon 06:02:09 PM,28.7326,75.8896,← 279°,452,520,"38,000", Level, FlightAware ADS-B (DEL / VIDP)
Mon 06:02:39 PM,28.7385,75.8209,← 273°,451,519,"38,000", Level, FlightAware ADS-B (BUP / VIBT)
Mon 06:03:10 PM,28.738,75.7481,← 266°,451,519,"38,000", Level, FlightAware ADS-B (IXC / VICG)
Mon 06:03:54 PM,28.7285,75.6403,← 265°,450,518,"38,000", Level, FlightAware ADS-B (LUH / VILD)
Mon 06:04:24 PM,28.7226,75.5697,← 265°,449,517,"38,000", Level, FlightAware ADS-B (LUH / VILD)
Mon 06:04:54 PM,28.7164,75.4993,← 264°,448,516,"38,000", Level, FlightAware ADS-B (LUH / VILD)
Mon 06:05:24 PM,28.71,75.4279,← 264°,448,516,"38,000", Level, FlightAware ADS-B (LUH / VILD)
Mon 06:05:54 PM,28.7037,75.3577,← 264°,449,517,"38,000", Level, FlightAware ADS-B (LUH / VILD)
Mon 06:06:24 PM,28.6973,75.2869,← 264°,450,518,"38,000", Level, FlightAware ADS-B (LUH / VILD)
Mon 06:06:55 PM,28.6909,75.2159,← 264°,451,519,"38,000", Level, FlightAware ADS-B (LUH / VILD)
Mon 06:07:25 PM,28.6844,75.1451,← 264°,452,520,"38,000", Level, FlightAware ADS-B (LUH / VILD)
Mon 06:07:55 PM,28.6778,75.074,← 264°,454,522,"38,000", Level, FlightAware ADS-B (LUH / VILD)
Mon 06:08:25 PM,28.6712,75.0022,← 264°,455,524,"38,000", Level, FlightAware ADS-B (LUH / VILD)
Mon 06:08:55 PM,28.6647,74.9323,← 264°,455,524,"38,000", Level, FlightAware ADS-B (LUH / VILD)
Mon 06:09:25 PM,28.6579,74.8608,← 264°,456,525,"38,000", Level, FlightAware ADS-B (LUH / VILD)
Mon 06:09:55 PM,28.6511,74.7875,← 264°,457,526,"38,000", Level, FlightAware ADS-B (LUH / VILD)
Mon 06:10:25 PM,28.6443,74.7158,← 264°,459,528,"38,000", Level, FlightAware ADS-B (LUH / VILD)
Mon 06:10:55 PM,28.6374,74.644,← 264°,461,531,"38,000", Level, FlightAware ADS-B (LUH / VILD)
Mon 06:11:25 PM,28.6304,74.5706,← 264°,463,533,"38,000", Level, FlightAware ADS-B (LUH / VILD)
Mon 06:11:55 PM,28.6234,74.4979,← 264°,464,534,"38,000", Level, FlightAware ADS-B (LUH / VILD)
Mon 06:12:26 PM,28.6163,74.4246,← 264°,464,534,"38,000", Level, FlightAware ADS-B (LUH / VILD)
Mon 06:12:56 PM,28.6092,74.3525,← 264°,463,533,"38,000", Level, FlightAware ADS-B (LUH / VILD)
Mon 06:13:26 PM,28.6021,74.2794,← 264°,464,534,"38,000", Level, FlightAware ADS-B (LUH / VILD)
Mon 06:13:56 PM,28.5948,74.206,← 264°,464,534,"38,000", Level, FlightAware ADS-B (LUH / VILD)
Mon 06:14:26 PM,28.5876,74.1327,← 264°,466,536,"38,000", Level, FlightAware ADS-B (LUH / VILD)
Mon 06:15:04 PM,28.5788,74.0447,← 264°,468,539,"38,000", Level, FlightAware ADS-B (DEL / VIDP)
Mon 06:15:35 PM,28.571,73.9676,← 264°,468,539,"38,000", Level, FlightAware ADS-B (BUP / VIBT)
Mon 06:16:06 PM,28.5635,73.8932,← 264°,469,540,"38,000", Level, FlightAware ADS-B (BUP / VIBT)
Mon 06:16:36 PM,28.556,73.8192,← 263°,469,540,"38,000", Level, FlightAware ADS-B (BUP / VIBT)
Mon 06:17:09 PM,28.5505,73.7384,← 268°,469,540,"38,000", Level, FlightAware ADS-B (BUP / VIBT)
Mon 06:17:39 PM,28.5478,73.6645,← 267°,469,540,"38,000", Level, FlightAware ADS-B (BUP / VIBT)
Mon 06:18:14 PM,28.5441,73.58,← 267°,469,540,"38,000", Level, FlightAware ADS-B (BUP / VIBT)
Mon 06:18:44 PM,28.5408,73.5066,← 267°,471,542,"38,000", Level, FlightAware ADS-B (BUP / VIBT)
Mon 06:19:40 PM,28.5348,73.3673,← 267°,473,544,"38,000", Level, FlightAware ADS-B (BUP / VIBT)
Mon 06:20:34 PM,28.5287,73.2319,← 267°,474,545,"38,000", Level, FlightAware ADS-B (BUP / VIBT)
Mon 06:21:06 PM,28.5251,73.1537,← 267°,474,545,"38,000", Level, FlightAware ADS-B (BUP / VIBT)
Mon 06:21:37 PM,28.5215,73.0753,← 267°,473,544,"38,000", Level, FlightAware ADS-B (BUP / VIBT)
Mon 06:22:15 PM,28.5171,72.9814,← 267°,473,544,"38,000", Level, FlightAware ADS-B (BUP / VIBT)
Mon 06:23:34 PM,28.5076,72.7832,← 267°,477,549,"38,000", Level, FlightAware ADS-B (BUP / VIBT)
Mon 06:25:47 PM,28.4911,72.4517,← 267°,478,550,"38,000", Level, FlightAware ADS-B (LUH / VILD)
Mon 06:27:51 PM,28.4752,72.1439,← 267°,479,551,"38,000", Level, FlightAware ADS-B (BUP / VIBT)
Mon 06:28:51 PM,28.4673,71.9924,← 267°,480,552,"38,000", Level, FlightAware ADS-B (BUP / VIBT)
Mon 06:29:21 PM,28.4634,71.9182,← 267°,481,554,"38,000", Level, FlightAware ADS-B (BUP / VIBT)
Mon 06:29:52 PM,28.4593,71.8408,← 267°,482,555,"38,000", Level, FlightAware ADS-B (BUP / VIBT)
Mon 06:30:22 PM,28.4551,71.764,← 266°,481,554,"38,000", Level, FlightAware ADS-B (BUP / VIBT)
Mon 06:31:48 PM,28.443,71.546,← 266°,485,558,"38,000", Level, FlightAware ADS-B (BUP / VIBT)
Mon 06:33:57 PM,28.408,71.2871,← 261°,,,, Level, Estimated
Mon 06:35:56 PM,28.3752,71.0484,← 261°,,,, Level, Estimated
Mon 06:37:53 PM,28.3425,70.8139,← 261°,,,, Level, Estimated
Mon 06:38:55 PM,28.3251,70.6896,← 261°,,,, Level, Estimated
Mon 06:39:59 PM,28.3069,70.5614,← 261°,,,, Level, Estimated
Mon 06:41:53 PM,28.2743,70.3332,← 261°,,,, Level, Estimated
Mon 06:42:55 PM,28.2564,70.2091,← 261°,,,, Level, Estimated
Mon 06:44:51 PM,28.2226,69.9771,← 261°,,,, Level, Estimated
Mon 06:45:59 PM,28.2026,69.8412,← 261°,,,, Level, Estimated
Mon 06:47:59 PM,28.167,69.6014,← 260°,,,, Level, Estimated
Mon 06:48:59 PM,28.1491,69.4816,← 260°,,,, Level, Estimated
Mon 06:50:56 PM,28.1138,69.248,← 260°,,,, Level, Estimated
Mon 06:51:56 PM,28.0955,69.1283,← 260°,,,, Level, Estimated
Mon 06:53:52 PM,28.0599,68.897,← 260°,,,, Level, Estimated
Mon 06:54:52 PM,28.0414,68.7774,← 260°,,,, Level, Estimated
Mon 06:56:57 PM,28.0023,68.5284,← 260°,,,, Level, Estimated
Mon 06:58:52 PM,27.966,68.2995,← 260°,,,, Level, Estimated
Mon 06:59:56 PM,27.9457,68.1721,← 260°,,,, Level, Estimated
Mon 07:01:57 PM,27.9069,67.9315,← 260°,,,, Level, Estimated
Mon 07:02:57 PM,27.8875,67.8123,← 260°,,,, Level, Estimated
Mon 07:04:55 PM,27.849,67.5779,← 260°,,,, Level, Estimated
Mon 07:05:59 PM,27.828,67.4508,← 259°,,,, Level, Estimated
Mon 07:07:55 PM,27.7896,67.2206,← 259°,,,, Level, Estimated
Mon 07:09:46 PM,27.7525,67.0005,← 259°,,,, Level, Estimated
Mon 07:10:48 PM,27.7316,66.8777,← 259°,,,, Level, Estimated
Mon 07:11:54 PM,27.7093,66.7469,← 259°,,,, Level, Estimated
Mon 07:12:54 PM,27.6889,66.6281,← 259°,,,, Level, Estimated
Mon 07:13:54 PM,27.6684,66.5093,← 259°,,,, Level, Estimated
Mon 07:15:56 PM,27.6263,66.268,← 259°,,,, Level, Estimated
Mon 07:17:59 PM,27.5835,66.0248,← 259°,,,, Level, Estimated
Mon 07:19:56 PM,27.5424,65.7937,← 259°,,,, Level, Estimated
Mon 07:21:58 PM,27.4992,65.5529,← 259°,,,, Level, Estimated
Mon 07:22:58 PM,27.4777,65.4345,← 258°,,,, Level, Estimated
Mon 07:24:53 PM,27.4364,65.2078,← 258°,,,, Level, Estimated
Mon 07:26:54 PM,27.3925,64.9694,← 258°,,,, Level, Estimated
Mon 07:27:56 PM,27.3698,64.8474,← 258°,,,, Level, Estimated
Mon 07:29:59 PM,27.3244,64.6045,← 258°,,,, Level, Estimated
Mon 07:31:57 PM,27.2804,64.3717,← 258°,,,, Level, Estimated
Mon 07:33:39 PM,27.2421,64.1705,← 258°,,,, Level, Estimated
Mon 07:34:58 PM,27.2122,64.0149,← 258°,,,, Level, Estimated
Mon 07:36:57 PM,27.1669,63.7805,← 258°,,,, Level, Estimated
Mon 07:38:57 PM,27.1208,63.5444,← 258°,,,, Level, Estimated
Mon 07:40:12 PM,25.2167,62.1556,← 246°,441,507,"38,000", Level, FlightAware ADS-B (MCT / OOMS)
Mon 07:42:44 PM,25.0892,61.8477,← 246°,437,503,"38,000", Level, FlightAware ADS-B (MCT / OOMS)
Mon 07:43:45 PM,25.0375,61.7232,↙ 245°,438,504,"38,000", Level, FlightAware ADS-B (MCT / OOMS)
Mon 07:45:52 PM,24.9306,61.4672,↙ 245°,436,502,"38,000", Level, FlightAware ADS-B (MCT / OOMS)
Mon 07:46:28 PM,24.901,61.3946,← 246°,434,499,"38,000", Level, FlightAware ADS-B (MCT / OOMS)
Mon 07:47:00 PM,24.8754,61.3303,← 246°,434,499,"38,000", Level, FlightAware ADS-B (MCT / OOMS)
Mon 07:47:30 PM,24.8512,61.27,← 246°,433,498,"38,000", Level, FlightAware ADS-B (MCT / OOMS)
Mon 07:48:00 PM,24.827,61.2105,← 246°,431,496,"38,000", Level, FlightAware ADS-B (MCT / OOMS)
Mon 07:48:30 PM,24.802,61.1487,← 246°,430,495,"38,000", Level, FlightAware ADS-B (MCT / OOMS)
Mon 07:49:00 PM,24.7779,61.0892,← 246°,427,491,"38,000", Level, FlightAware ADS-B (MCT / OOMS)
Mon 07:49:31 PM,24.7533,61.0288,← 246°,426,490,"38,000", Level, FlightAware ADS-B (MCT / OOMS)
Mon 07:50:13 PM,24.7192,60.9448,← 246°,424,488,"38,000", Level, FlightAware ADS-B (MCT / OOMS)
Mon 07:50:43 PM,24.6949,60.8853,← 246°,424,488,"38,000", Level, FlightAware ADS-B (MCT / OOMS)
Mon 07:51:21 PM,24.6629,60.8105,↙ 245°,426,490,"38,000", Level, FlightAware ADS-B (MCT / OOMS)
Mon 07:51:57 PM,24.6327,60.7401,↙ 245°,425,489,"38,000", Level, FlightAware ADS-B (MCT / OOMS)
Mon 07:52:28 PM,24.6066,60.6791,↙ 245°,426,490,"38,000", Level, FlightAware ADS-B (MCT / OOMS)
Mon 07:53:02 PM,24.5794,60.6151,↙ 245°,426,490,"38,000", Level, FlightAware ADS-B (MCT / OOMS)
Mon 07:53:32 PM,24.554,60.5563,↙ 245°,428,493,"38,000", Level, FlightAware ADS-B (MCT / OOMS)
Mon 07:54:02 PM,24.5279,60.4967,↙ 245°,428,493,"38,000", Level, FlightAware ADS-B (MCT / OOMS)
Mon 07:54:32 PM,24.5031,60.4398,↙ 245°,428,493,"38,000", Level, FlightAware ADS-B (MCT / OOMS)
Mon 07:55:03 PM,24.4766,60.3789,↙ 245°,426,490,"38,000", Level, FlightAware ADS-B (MCT / OOMS)
Mon 07:55:33 PM,24.4514,60.3212,↙ 245°,425,489,"38,000", Level, FlightAware ADS-B (MCT / OOMS)
Mon 07:56:03 PM,24.4254,60.2616,↙ 245°,425,489,"38,000", Level, FlightAware ADS-B (MCT / OOMS)
Mon 07:56:34 PM,24.3992,60.2017,↙ 245°,425,489,"38,000", Level, FlightAware ADS-B (MCT / OOMS)
Mon 07:57:04 PM,24.3738,60.1437,↙ 245°,425,489,"38,000", Level, FlightAware ADS-B (MCT / OOMS)
Mon 07:57:34 PM,24.348,60.0848,↙ 244°,425,489,"38,000", Level, FlightAware ADS-B (MCT / OOMS)
Mon 07:58:04 PM,24.3224,60.0264,↙ 244°,426,490,"38,000", Level, FlightAware ADS-B (MCT / OOMS)
Mon 07:58:34 PM,24.2973,59.9692,↙ 244°,428,493,"38,000", Level, FlightAware ADS-B (MCT / OOMS)
Mon 07:59:05 PM,24.2707,59.9088,↙ 244°,428,493,"38,000", Level, FlightAware ADS-B (MCT / OOMS)
Mon 07:59:35 PM,24.2448,59.8501,↙ 244°,429,494,"38,000", Level, FlightAware ADS-B (MCT / OOMS)
Mon 08:00:05 PM,24.2188,59.7911,↙ 244°,427,491,"38,000", Level, FlightAware ADS-B (MCT / OOMS)
Mon 08:00:35 PM,24.1929,59.7324,↙ 244°,426,490,"38,000", Level, FlightAware ADS-B (MCT / OOMS)
Mon 08:01:06 PM,24.1669,59.6735,↙ 244°,426,490,"38,000", Level, FlightAware ADS-B (MCT / OOMS)
Mon 08:01:36 PM,24.1412,59.6156,↙ 244°,426,490,"38,000", Level, FlightAware ADS-B (MCT / OOMS)
Mon 08:02:06 PM,24.115,59.5564,↙ 244°,428,493,"38,000", Level, FlightAware ADS-B (MCT / OOMS)
Mon 08:02:36 PM,24.0891,59.4981,↙ 244°,428,493,"38,000", Level, FlightAware ADS-B (MCT / OOMS)
Mon 08:03:06 PM,24.0626,59.4386,↙ 244°,428,493,"38,000", Level, FlightAware ADS-B (MCT / OOMS)
Mon 08:03:36 PM,24.0368,59.3805,↙ 244°,428,493,"38,000", Level, FlightAware ADS-B (MCT / OOMS)
Mon 08:04:06 PM,24.0108,59.3221,↙ 245°,426,490,"38,000", Level, FlightAware ADS-B (MCT / OOMS)
Mon 08:04:36 PM,23.9901,59.2655,← 252°,419,482,"38,000", Level, FlightAware ADS-B (MCT / OOMS)
Mon 08:04:59 PM,23.9785,59.2186,← 258°,416,479,"38,000", Level, FlightAware ADS-B (MCT / OOMS)
Mon 08:05:31 PM,23.969,59.1518,← 265°,413,475,"38,000", Level, FlightAware ADS-B (MCT / OOMS)
Mon 08:05:51 PM,23.967,59.1095,← 269°,412,474,"38,000", Level, FlightAware ADS-B (NHD / OMDM)
Mon 08:06:21 PM,23.9702,59.0435,← 277°,411,473,"38,000", Level, FlightAware ADS-B (MCT / OOMS)
Mon 08:06:51 PM,23.98,58.9828,← 283°,411,473,"38,000", Level, FlightAware ADS-B (MCT / OOMS)
Mon 08:07:22 PM,23.9967,58.9225,← 290°,412,474,"38,000", Level, FlightAware ADS-B (MCT / OOMS)
Mon 08:07:52 PM,24.0159,58.8638,← 289°,411,473,"38,000", Level, FlightAware ADS-B (MCT / OOMS)
Mon 08:08:23 PM,24.0343,58.8051,← 289°,411,473,"38,000", Level, FlightAware ADS-B (MCT / OOMS)
Mon 08:08:53 PM,24.0534,58.7449,← 289°,411,473,"38,000", Level, FlightAware ADS-B (MCT / OOMS)
Mon 08:09:23 PM,24.0722,58.6859,← 289°,411,473,"38,000", Level, FlightAware ADS-B (MCT / OOMS)
Mon 08:09:53 PM,24.0909,58.6271,← 289°,411,473,"38,000", Level, FlightAware ADS-B (MCT / OOMS)
Mon 08:10:24 PM,24.1095,58.5683,← 289°,411,473,"38,000", Level, FlightAware ADS-B (MCT / OOMS)
Mon 08:10:58 PM,24.1309,58.501,← 289°,410,472,"38,000", Level, FlightAware ADS-B (MCT / OOMS)
Mon 08:11:29 PM,24.1501,58.4403,← 289°,409,471,"38,000", Level, FlightAware ADS-B (MCT / OOMS)
Mon 08:12:00 PM,24.1688,58.381,← 289°,410,472,"38,000", Level, FlightAware ADS-B (MCT / OOMS)
Mon 08:12:30 PM,24.1877,58.3211,← 289°,410,472,"38,000", Level, FlightAware ADS-B (MCT / OOMS)
Mon 08:13:00 PM,24.2065,58.2616,← 289°,411,473,"38,000", Level, FlightAware ADS-B (MCT / OOMS)
Mon 08:13:30 PM,24.2253,58.2019,← 289°,411,473,"38,000", Level, FlightAware ADS-B (MCT / OOMS)
Mon 08:14:00 PM,24.2435,58.1441,← 289°,412,474,"38,000", Level, FlightAware ADS-B (MCT / OOMS)
Mon 08:14:30 PM,24.2621,58.0847,← 289°,411,473,"38,000", Level, FlightAware ADS-B (MCT / OOMS)
Mon 08:15:01 PM,24.2811,58.0241,← 289°,411,473,"38,000", Level, FlightAware ADS-B (MCT / OOMS)
Mon 08:15:37 PM,24.3042,57.95,← 289°,411,473,"38,000",-413 Descending, FlightAware ADS-B (DXB / OMDB)
Mon 08:16:10 PM,24.3241,57.8863,← 289°,413,475,"37,525",-905 Descending, FlightAware ADS-B (MCT / OOMS)
Mon 08:16:40 PM,24.3426,57.8269,← 289°,413,475,"37,050",-975 Descending, FlightAware ADS-B (MCT / OOMS)
Mon 08:17:10 PM,24.3614,57.7665,← 289°,414,476,"36,550","-1,180 Descending", FlightAware ADS-B (MCT / OOMS)
Mon 08:17:41 PM,24.3799,57.707,← 289°,416,479,"35,850","-1,672 Descending", FlightAware ADS-B (MCT / OOMS)
Mon 08:18:11 PM,24.3989,57.6459,← 289°,414,476,"34,850","-2,000 Descending", FlightAware ADS-B (MCT / OOMS)
Mon 08:18:41 PM,24.4176,57.5854,← 289°,415,478,"33,850","-1,900 Descending", FlightAware ADS-B (MCT / OOMS)
Mon 08:19:11 PM,24.4362,57.525,← 289°,417,480,"32,950","-1,816 Descending", FlightAware ADS-B (MCT / OOMS)
Mon 08:19:38 PM,24.4521,57.4739,← 288°,413,475,"32,125","-1,368 Descending", FlightAware ADS-B (RKT / OMRK)
Mon 08:20:08 PM,24.4703,57.4134,← 289°,423,487,"31,650",-984 Descending, FlightAware ADS-B (RKT / OMRK)
Mon 08:20:39 PM,24.4895,57.3523,← 289°,420,483,"31,125","-1,008 Descending", FlightAware ADS-B (MCT / OOMS)
Mon 08:21:09 PM,24.5084,57.2913,← 289°,415,478,"30,625","-1,000 Descending", FlightAware ADS-B (NHD / OMDM)
Mon 08:21:42 PM,24.5294,57.2224,← 289°,413,475,"30,075","-1,071 Descending", FlightAware ADS-B (MCT / OOMS)
Mon 08:22:12 PM,24.5475,57.1634,← 289°,414,476,"29,500","-1,600 Descending", FlightAware ADS-B (MCT / OOMS)
Mon 08:22:42 PM,24.5655,57.1043,← 288°,412,474,"28,475","-2,238 Descending", FlightAware ADS-B (MCT / OOMS)
Mon 08:23:13 PM,24.5845,57.0424,← 289°,409,471,"27,225","-2,444 Descending", FlightAware ADS-B (MCT / OOMS)
Mon 08:23:44 PM,24.6025,56.983,← 288°,408,470,"25,950","-2,444 Descending", FlightAware ADS-B (MCT / OOMS)
Mon 08:24:15 PM,24.6205,56.9236,← 289°,403,464,"24,700","-2,444 Descending", FlightAware ADS-B (DWC / OMDW)
Mon 08:24:38 PM,24.6338,56.8803,← 290°,386,444,"23,750","-1,360 Descending", FlightAware ADS-B (AUH / OMAA)
Mon 08:25:30 PM,24.6716,56.7888,← 294°,388,447,"23,000",-787 Descending, FlightAware ADS-B (DWC / OMDW)
Mon 08:26:00 PM,24.6954,56.7315,← 295°,414,476,"22,675","-1,356 Descending", FlightAware ADS-B (MCT / OOMS)
Mon 08:26:22 PM,24.7134,56.6882,← 292°,416,479,"21,825","-2,092 Descending", FlightAware ADS-B (DXB / OMDB)
Mon 08:26:38 PM,24.7228,56.6573,← 284°,414,476,"21,350","-1,826 Descending", FlightAware ADS-B (RKT / OMRK)
Mon 08:27:08 PM,24.7341,56.595,← 281°,410,472,"20,425","-1,896 Descending", FlightAware ADS-B (AUH / OMAA)
Mon 08:27:31 PM,24.7431,56.5501,← 288°,408,470,"19,675","-2,025 Descending", FlightAware ADS-B (AUH / OMAA)
Mon 08:27:48 PM,24.7555,56.5175,← 296°,407,468,"19,075","-2,521 Descending", FlightAware ADS-B (AUH / OMAA)
Mon 08:28:18 PM,24.7825,56.4619,← 297°,399,459,"17,700","-2,500 Descending", FlightAware ADS-B (DXB / OMDB)
Mon 08:28:48 PM,24.8081,56.4073,← 298°,394,453,"16,575","-2,287 Descending", FlightAware ADS-B (DXB / OMDB)
Mon 08:29:19 PM,24.8348,56.3517,← 298°,398,458,"15,375","-1,967 Descending", FlightAware ADS-B (RKT / OMRK)
Mon 08:29:49 PM,24.8607,56.2991,← 298°,392,451,"14,575","-1,750 Descending", FlightAware ADS-B (RKT / OMRK)
Mon 08:30:19 PM,24.887,56.2457,← 298°,388,447,"13,625","-2,238 Descending", FlightAware ADS-B (RKT / OMRK)
Mon 08:30:50 PM,24.9126,56.1934,← 298°,398,458,"12,300","-1,869 Descending", FlightAware ADS-B (RKT / OMRK)
Mon 08:31:20 PM,24.9392,56.139,← 298°,393,452,"11,725",-850 Descending, FlightAware ADS-B (RKT / OMRK)
Mon 08:31:50 PM,24.9652,56.0856,← 298°,391,450,"11,450",-554 Descending, FlightAware ADS-B (RKT / OMRK)
Mon 08:32:06 PM,24.9805,56.0597,← 309°,386,444,"11,300",-489 Descending, FlightAware ADS-B (RKT / OMRK)
Mon 08:32:36 PM,25.0145,56.0187,← 312°,363,418,"11,075",-475 Descending, FlightAware ADS-B (RKT / OMRK)
Mon 08:33:06 PM,25.0475,55.9782,← 312°,344,396,"10,825",-525 Descending, FlightAware ADS-B (RKT / OMRK)
Mon 08:33:36 PM,25.0786,55.94,← 312°,325,374,"10,550",-525 Descending, FlightAware ADS-B (RKT / OMRK)
Mon 08:34:06 PM,25.1086,55.9032,← 312°,317,365,"10,300",-492 Descending, FlightAware ADS-B (RKT / OMRK)
Mon 08:34:40 PM,25.1412,55.863,← 312°,315,362,"10,025",-417 Descending, FlightAware ADS-B (NHD / OMDM)
Mon 08:35:00 PM,25.1602,55.838,← 304°,315,362,"9,925",-450 Descending, FlightAware ADS-B (DWC / OMDW)
Mon 08:35:30 PM,25.1831,55.7963,← 301°,311,358,"9,650",-620 Descending, FlightAware ADS-B (RKT / OMRK)
Mon 08:35:46 PM,25.193,55.7737,← 287°,312,359,"9,450",-654 Descending, FlightAware ADS-B (RKT / OMRK)
Mon 08:36:09 PM,25.1988,55.7385,← 280°,310,357,"9,225",-538 Descending, FlightAware ADS-B (AUH / OMAA)
Mon 08:36:39 PM,25.2067,55.6917,← 281°,309,356,"8,975",-500 Descending, FlightAware ADS-B (DXB / OMDB)
Mon 08:37:09 PM,25.2147,55.6465,← 281°,307,353,"8,725",-492 Descending, FlightAware ADS-B (RKT / OMRK)
Mon 08:37:40 PM,25.223,55.5986,← 281°,304,350,"8,475",-479 Descending, FlightAware ADS-B (DWC / OMDW)
Mon 08:37:56 PM,25.227,55.575,← 281°,304,350,"8,350",-512 Descending, FlightAware ADS-B (AUH / OMAA)
Mon 08:38:21 PM,25.2319,55.536,← 272°,301,346,"8,125",-533 Descending, FlightAware ADS-B (DXB / OMDB)
Mon 08:38:41 PM,25.2323,55.5045,← 271°,300,345,"7,950",-720 Descending, FlightAware ADS-B (RKT / OMRK)
Mon 08:39:11 PM,25.2334,55.4586,← 272°,286,329,"7,525",-900 Descending, FlightAware ADS-B (RKT / OMRK)
Mon 08:39:41 PM,25.2345,55.4174,← 272°,277,319,"7,050","-1,000 Descending", FlightAware ADS-B (NHD / OMDM)
Mon 08:40:11 PM,25.2355,55.3731,← 272°,274,315,"6,525","-1,000 Descending", FlightAware ADS-B (RKT / OMRK)
Mon 08:40:41 PM,25.2364,55.3339,← 272°,271,312,"6,050",-955 Descending, FlightAware ADS-B (NHD / OMDM)
Mon 08:41:06 PM,25.2425,55.3004,← 287°,267,307,"5,650",-988 Descending, FlightAware ADS-B (AZI / OMAD)
Mon 08:41:22 PM,25.248,55.2794,← 286°,265,305,"5,375",-984 Descending, FlightAware ADS-B (NHD / OMDM)
Mon 08:41:38 PM,25.2531,55.2594,← 285°,263,303,"5,125","-1,076 Descending", FlightAware ADS-B (AZI / OMAD)
Mon 08:42:08 PM,25.263,55.2191,← 285°,255,293,"4,550","-1,094 Descending", FlightAware ADS-B (NHD / OMDM)
Mon 08:42:26 PM,25.2681,55.1977,← 287°,244,281,"4,250",-920 Descending, FlightAware ADS-B (AZI / OMAD)
Mon 08:42:52 PM,25.2816,55.1695,← 301°,234,269,"3,875",-792 Descending, FlightAware ADS-B (RKT / OMRK)
Mon 08:43:19 PM,25.2967,55.1439,← 307°,222,255,"3,550",-733 Descending, FlightAware ADS-B (DWC / OMDW)
Mon 08:43:37 PM,25.3122,55.1312,↑ 339°,208,239,"3,325",-574 Descending, FlightAware ADS-B (RKT / OMRK)
Mon 08:43:53 PM,25.3256,55.1311,↑ 14°,192,221,"3,225",-375 Descending, FlightAware ADS-B (RKT / OMRK)
Mon 08:44:09 PM,25.3389,55.1379,↗ 36°,187,215,"3,125",-316 Descending, FlightAware ADS-B (RKT / OMRK)
Mon 08:44:31 PM,25.3522,55.1538,↗ 55°,188,216,"3,025",-308 Descending, FlightAware ADS-B (RKT / OMRK)
Mon 08:44:48 PM,25.3578,55.1687,→ 82°,188,216,"2,925",-308 Descending, FlightAware ADS-B (RKT / OMRK)
Mon 08:45:10 PM,25.3542,55.188,↘ 116°,187,215,"2,825",-321 Descending, FlightAware ADS-B (DXB / OMDB)
Mon 08:45:30 PM,25.3455,55.2047,↘ 122°,188,216,"2,700",-402 Descending, FlightAware ADS-B (DXB / OMDB)
Mon 08:45:51 PM,25.3361,55.2211,↘ 122°,174,200,"2,550",-706 Descending, FlightAware ADS-B (AZI / OMAD)
Mon 08:46:21 PM,25.3238,55.2436,↘ 121°,164,189,"2,100",-850 Descending, FlightAware ADS-B (RKT / OMRK)
Mon 08:46:51 PM,25.312,55.2648,↘ 121°,164,189,"1,700",-783 Descending, FlightAware ADS-B (DXB / OMDB)
Mon 08:47:07 PM,25.3062,55.2754,↘ 122°,157,181,"1,500",-766 Descending, FlightAware ADS-B (DXB / OMDB)
Mon 08:47:38 PM,25.2949,55.2956,↘ 122°,143,165,"1,100",-792 Descending, FlightAware ADS-B (NHD / OMDM)
Mon 08:47:43 PM,25.2931,55.2989,↘ 121°,143,165,"1,025",-750 Descending, Surface and Near-Surface
Mon 08:47:54 PM,25.2894,55.3056,↘ 121°,144,166,900,-722 Descending, FlightAware ADS-B (AZI / OMAD)
Mon 08:48:10 PM,25.2837,55.3161,↘ 121°,144,166,700,-686 Descending, FlightAware ADS-B (DXB / OMDB)
Mon 08:48:29 PM,25.2775,55.3272,↘ 121°,144,166,500,-686 Descending, FlightAware ADS-B (DXB / OMDB)
Mon 08:48:45 PM,25.2716,55.3378,↘ 121°,144,166,300,-771 Descending, FlightAware ADS-B (DXB / OMDB)
Mon 08:49:04 PM,25.2652,55.3495,↘ 122°,142,163,50,-789 Descending, FlightAware ADS-B (DXB / OMDB)
